"","Pop","Model","Metric","Estimate","SE"
"elpd_loo","alastair","m1","elpd_loo",-32.5346618621241,2.70771836445429
"p_loo","alastair","m1","p_loo",1.74974109546403,0.429984228698088
"looic","alastair","m1","looic",65.0693237242481,5.41543672890859
"elpd_loo.1","alastair","m2a","elpd_loo",-31.3741239204494,2.97129372717251
"p_loo.1","alastair","m2a","p_loo",1.45707786898072,0.370039606821067
"looic.1","alastair","m2a","looic",62.7482478408989,5.94258745434503
"elpd_loo.2","alastair","m2b","elpd_loo",-31.4000107463268,2.95444972561606
"p_loo.2","alastair","m2b","p_loo",1.4865102315757,0.374205974758308
"looic.2","alastair","m2b","looic",62.8000214926536,5.90889945123212
"elpd_loo.3","alastair","m3","elpd_loo",-32.8225266995587,2.76194058898157
"p_loo.3","alastair","m3","p_loo",1.80794893270394,0.442786419197648
"looic.3","alastair","m3","looic",65.6450533991173,5.52388117796314
"elpd_loo.4","alastair","m4a","elpd_loo",-31.8272098847285,3.03026098138978
"p_loo.4","alastair","m4a","p_loo",1.64428614730316,0.420247146945812
"looic.4","alastair","m4a","looic",63.654419769457,6.06052196277957
"elpd_loo.5","alastair","m4b","elpd_loo",-31.8459942908773,3.06967170486121
"p_loo.5","alastair","m4b","p_loo",1.66461649556236,0.433427789804418
"looic.5","alastair","m4b","looic",63.6919885817546,6.13934340972242
"elpd_loo1","asitika","m1","elpd_loo",-57.538080714475,54.5711978921313
"p_loo1","asitika","m1","p_loo",54.9222022793327,54.3318973857845
"looic1","asitika","m1","looic",115.07616142895,109.142395784263
"elpd_loo.11","asitika","m2a","elpd_loo",-2.01079620542609,0.387092905617017
"p_loo.11","asitika","m2a","p_loo",0.172135655277978,0.0900105549343468
"looic.11","asitika","m2a","looic",4.02159241085219,0.774185811234034
"elpd_loo.21","asitika","m2b","elpd_loo",-1.83004783754468,0.23315516229682
"p_loo.21","asitika","m2b","p_loo",0.135084372938062,0.0562987443980649
"looic.21","asitika","m2b","looic",3.66009567508937,0.466310324593639
"elpd_loo.31","asitika","m3","elpd_loo",-105.54439884657,100.496147802897
"p_loo.31","asitika","m3","p_loo",103.046816186589,100.06850834011
"looic.31","asitika","m3","looic",211.08879769314,200.992295605794
"elpd_loo.41","asitika","m4a","elpd_loo",-2.03252003706763,0.333006023054743
"p_loo.41","asitika","m4a","p_loo",0.229990610235379,0.119293939597597
"looic.41","asitika","m4a","looic",4.06504007413526,0.666012046109486
"elpd_loo.51","asitika","m4b","elpd_loo",-1.93414321255885,0.181158455740935
"p_loo.51","asitika","m4b","p_loo",0.216326923451014,0.0609703465006532
"looic.51","asitika","m4b","looic",3.8682864251177,0.362316911481869
"elpd_loo2","atnarko","m1","elpd_loo",-26.667979784345,1.70690076778377
"p_loo2","atnarko","m1","p_loo",0.80544240365909,0.281013042707155
"looic2","atnarko","m1","looic",53.33595956869,3.41380153556755
"elpd_loo.12","atnarko","m2a","elpd_loo",-25.157205070949,2.53697064108289
"p_loo.12","atnarko","m2a","p_loo",1.27665623227655,0.629400327568322
"looic.12","atnarko","m2a","looic",50.314410141898,5.07394128216578
"elpd_loo.22","atnarko","m2b","elpd_loo",-25.5509612686848,2.54050639456415
"p_loo.22","atnarko","m2b","p_loo",1.39590540942402,0.653918297545075
"looic.22","atnarko","m2b","looic",51.1019225373697,5.08101278912829
"elpd_loo.32","atnarko","m3","elpd_loo",-27.3175354553241,1.18446382417598
"p_loo.32","atnarko","m3","p_loo",0.90041064067603,0.168766685068996
"looic.32","atnarko","m3","looic",54.6350709106482,2.36892764835197
"elpd_loo.42","atnarko","m4a","elpd_loo",-25.2591888633293,1.98437010871242
"p_loo.42","atnarko","m4a","p_loo",1.02486798332967,0.331763836644462
"looic.42","atnarko","m4a","looic",50.5183777266586,3.96874021742483
"elpd_loo.52","atnarko","m4b","elpd_loo",-25.387294355171,2.06610280823772
"p_loo.52","atnarko","m4b","p_loo",1.0769086265129,0.352149139536508
"looic.52","atnarko","m4b","looic",50.774588710342,4.13220561647544
"elpd_loo3","awun","m1","elpd_loo",-47.8587085211228,11.117767036915
"p_loo3","awun","m1","p_loo",15.6057628751117,9.36709614942632
"looic3","awun","m1","looic",95.7174170422457,22.2355340738301
"elpd_loo.13","awun","m2a","elpd_loo",-40.8884336835537,7.48693791714895
"p_loo.13","awun","m2a","p_loo",9.13841218016364,5.09195068140543
"looic.13","awun","m2a","looic",81.7768673671073,14.9738758342979
"elpd_loo.23","awun","m2b","elpd_loo",-43.2788046448229,9.10822206071337
"p_loo.23","awun","m2b","p_loo",11.2195537683626,7.20301922206878
"looic.23","awun","m2b","looic",86.5576092896459,18.2164441214267
"elpd_loo.33","awun","m3","elpd_loo",-44.8585434585937,8.93685765392629
"p_loo.33","awun","m3","p_loo",12.4048090551882,6.6632390301737
"looic.33","awun","m3","looic",89.7170869171873,17.8737153078526
"elpd_loo.43","awun","m4a","elpd_loo",-41.9952233995384,8.06086706788522
"p_loo.43","awun","m4a","p_loo",10.0010725255664,5.74898392671648
"looic.43","awun","m4a","looic",83.9904467990767,16.1217341357704
"elpd_loo.53","awun","m4b","elpd_loo",-41.2985607215396,7.52667166889467
"p_loo.53","awun","m4b","p_loo",9.17604485720255,4.96190780050936
"looic.53","awun","m4b","looic",82.5971214430792,15.0533433377893
"elpd_loo4","azuklotz","m1","elpd_loo",-13.7595844372152,1.1759213298234
"p_loo4","azuklotz","m1","p_loo",1.15039344355091,0.38819509706255
"looic4","azuklotz","m1","looic",27.5191688744304,2.3518426596468
"elpd_loo.14","azuklotz","m2a","elpd_loo",-11.8163898198587,1.38215333375738
"p_loo.14","azuklotz","m2a","p_loo",0.927485479009881,0.336327909740882
"looic.14","azuklotz","m2a","looic",23.6327796397175,2.76430666751476
"elpd_loo.24","azuklotz","m2b","elpd_loo",-11.7472451618953,1.07309377146094
"p_loo.24","azuklotz","m2b","p_loo",0.884832053477147,0.237448583764339
"looic.24","azuklotz","m2b","looic",23.4944903237905,2.14618754292187
"elpd_loo.34","azuklotz","m3","elpd_loo",-13.6322745837539,1.21675941873037
"p_loo.34","azuklotz","m3","p_loo",1.03608834530059,0.347831859208851
"looic.34","azuklotz","m3","looic",27.2645491675078,2.43351883746075
"elpd_loo.44","azuklotz","m4a","elpd_loo",-11.8962752534464,1.45263435633505
"p_loo.44","azuklotz","m4a","p_loo",0.926734575129743,0.368991956551513
"looic.44","azuklotz","m4a","looic",23.7925505068928,2.90526871267011
"elpd_loo.54","azuklotz","m4b","elpd_loo",-11.9118037918477,1.23264850954925
"p_loo.54","azuklotz","m4b","p_loo",0.960746335362185,0.329445835808189
"looic.54","azuklotz","m4b","looic",23.8236075836954,2.46529701909849
"elpd_loo5","babine","m1","elpd_loo",-32.1204078437646,2.80061468412883
"p_loo5","babine","m1","p_loo",2.41611068111425,0.759142834716961
"looic5","babine","m1","looic",64.2408156875291,5.60122936825766
"elpd_loo.15","babine","m2a","elpd_loo",-30.7745128342843,3.17199018177204
"p_loo.15","babine","m2a","p_loo",2.24023954256978,0.801790172660947
"looic.15","babine","m2a","looic",61.5490256685685,6.34398036354408
"elpd_loo.25","babine","m2b","elpd_loo",-30.4601690182022,3.35835411522228
"p_loo.25","babine","m2b","p_loo",2.38497639904052,0.927616329450513
"looic.25","babine","m2b","looic",60.9203380364045,6.71670823044456
"elpd_loo.35","babine","m3","elpd_loo",-31.7768221269229,2.73289035399613
"p_loo.35","babine","m3","p_loo",2.07746912849751,0.576695312917751
"looic.35","babine","m3","looic",63.5536442538459,5.46578070799226
"elpd_loo.45","babine","m4a","elpd_loo",-30.5272008548792,3.02126526803282
"p_loo.45","babine","m4a","p_loo",2.05129968086248,0.666170729896673
"looic.45","babine","m4a","looic",61.0544017097584,6.04253053606563
"elpd_loo.55","babine","m4b","elpd_loo",-30.2682502649134,3.08157869379219
"p_loo.55","babine","m4b","p_loo",2.14855973110199,0.754399096138901
"looic.55","babine","m4b","looic",60.5365005298268,6.16315738758437
"elpd_loo6","banks","m1","elpd_loo",-19.5423753561107,5.1152427781962
"p_loo6","banks","m1","p_loo",4.38450212070463,2.6041814081292
"looic6","banks","m1","looic",39.0847507122214,10.2304855563924
"elpd_loo.16","banks","m2a","elpd_loo",-18.2993132366599,4.61608743739228
"p_loo.16","banks","m2a","p_loo",3.1393557214572,1.85732700041371
"looic.16","banks","m2a","looic",36.5986264733197,9.23217487478457
"elpd_loo.26","banks","m2b","elpd_loo",-17.9906371817025,4.29738734177232
"p_loo.26","banks","m2b","p_loo",2.85857638462165,1.60518838413986
"looic.26","banks","m2b","looic",35.9812743634051,8.59477468354465
"elpd_loo.36","banks","m3","elpd_loo",-19.7612101354266,5.47709497205958
"p_loo.36","banks","m3","p_loo",4.57018505699837,2.86593617441398
"looic.36","banks","m3","looic",39.5224202708532,10.9541899441192
"elpd_loo.46","banks","m4a","elpd_loo",-18.1724541885304,4.52066888571495
"p_loo.46","banks","m4a","p_loo",2.98754072502661,1.72700442386837
"looic.46","banks","m4a","looic",36.3449083770608,9.04133777142991
"elpd_loo.56","banks","m4b","elpd_loo",-18.017475827176,4.32385565507912
"p_loo.56","banks","m4b","p_loo",2.86268117101794,1.57340356948012
"looic.56","banks","m4b","looic",36.0349516543519,8.64771131015823
"elpd_loo7","bear","m1","elpd_loo",-21.3517603665172,5.60717055656729
"p_loo7","bear","m1","p_loo",5.19908577143795,3.56035514261237
"looic7","bear","m1","looic",42.7035207330344,11.2143411131346
"elpd_loo.17","bear","m2a","elpd_loo",-19.1045759260962,5.39353997266553
"p_loo.17","bear","m2a","p_loo",3.7640275644483,2.60813088499949
"looic.17","bear","m2a","looic",38.2091518521924,10.7870799453311
"elpd_loo.27","bear","m2b","elpd_loo",-19.9161292006951,5.64158185692172
"p_loo.27","bear","m2b","p_loo",4.10957994301898,2.87299814893932
"looic.27","bear","m2b","looic",39.8322584013901,11.2831637138434
"elpd_loo.37","bear","m3","elpd_loo",-22.2324854861737,5.5526159452584
"p_loo.37","bear","m3","p_loo",4.99943893509664,3.45423585671789
"looic.37","bear","m3","looic",44.4649709723474,11.1052318905168
"elpd_loo.47","bear","m4a","elpd_loo",-20.2491516137476,5.8624521265851
"p_loo.47","bear","m4a","p_loo",4.19538960001845,2.87876909739094
"looic.47","bear","m4a","looic",40.4983032274952,11.7249042531702
"elpd_loo.57","bear","m4b","elpd_loo",-20.7826954570609,6.03548351578014
"p_loo.57","bear","m4b","p_loo",4.43653512109171,3.06649888752427
"looic.57","bear","m4b","looic",41.5653909141218,12.0709670315603
"elpd_loo8","bloomfield","m1","elpd_loo",-30.3903106132907,4.70339873185042
"p_loo8","bloomfield","m1","p_loo",4.00184710157186,1.94880875682782
"looic8","bloomfield","m1","looic",60.7806212265815,9.40679746370084
"elpd_loo.18","bloomfield","m2a","elpd_loo",-32.7005903556861,5.35112709423316
"p_loo.18","bloomfield","m2a","p_loo",6.93535553958356,2.89665202343409
"looic.18","bloomfield","m2a","looic",65.4011807113722,10.7022541884663
"elpd_loo.28","bloomfield","m2b","elpd_loo",-30.8333858171898,5.96922849733104
"p_loo.28","bloomfield","m2b","p_loo",4.59655612627651,2.53850386733178
"looic.28","bloomfield","m2b","looic",61.6667716343795,11.9384569946621
"elpd_loo.38","bloomfield","m3","elpd_loo",-35.783194638201,7.80210170831931
"p_loo.38","bloomfield","m3","p_loo",6.44459289243829,4.98897280123643
"looic.38","bloomfield","m3","looic",71.566389276402,15.6042034166386
"elpd_loo.48","bloomfield","m4a","elpd_loo",-33.9777466559302,9.49473599071523
"p_loo.48","bloomfield","m4a","p_loo",8.32399229683444,6.68887893132571
"looic.48","bloomfield","m4a","looic",67.9554933118604,18.9894719814305
"elpd_loo.58","bloomfield","m4b","elpd_loo",-32.9368208424061,8.63812858435181
"p_loo.58","bloomfield","m4b","p_loo",7.32155156772893,5.75275578986755
"looic.58","bloomfield","m4b","looic",65.8736416848122,17.2762571687036
"elpd_loo9","bonilla","m1","elpd_loo",-25.5181733345527,2.33777833557481
"p_loo9","bonilla","m1","p_loo",2.51639945496626,0.533566301250539
"looic9","bonilla","m1","looic",51.0363466691054,4.67555667114961
"elpd_loo.19","bonilla","m2a","elpd_loo",-24.2164365799471,2.34357768529584
"p_loo.19","bonilla","m2a","p_loo",2.35201954965457,0.602309820820938
"looic.19","bonilla","m2a","looic",48.4328731598942,4.68715537059167
"elpd_loo.29","bonilla","m2b","elpd_loo",-24.3732631534234,2.41175460156821
"p_loo.29","bonilla","m2b","p_loo",2.40893956618128,0.616576316766697
"looic.29","bonilla","m2b","looic",48.7465263068468,4.82350920313642
"elpd_loo.39","bonilla","m3","elpd_loo",-24.7605572704298,2.28728914515991
"p_loo.39","bonilla","m3","p_loo",2.25650230937682,0.451797372477196
"looic.39","bonilla","m3","looic",49.5211145408595,4.57457829031982
"elpd_loo.49","bonilla","m4a","elpd_loo",-23.9722026928807,2.32088222840385
"p_loo.49","bonilla","m4a","p_loo",2.1784552159903,0.517025236307009
"looic.49","bonilla","m4a","looic",47.9444053857615,4.6417644568077
"elpd_loo.59","bonilla","m4b","elpd_loo",-23.9973348038847,2.33071245142707
"p_loo.59","bonilla","m4b","p_loo",2.14826871700402,0.498415548403823
"looic.59","bonilla","m4b","looic",47.9946696077694,4.66142490285414
"elpd_loo10","borrowman","m1","elpd_loo",-156.737906497404,112.30287707245
"p_loo10","borrowman","m1","p_loo",139.586220653093,111.077019033238
"looic10","borrowman","m1","looic",313.475812994808,224.605754144899
"elpd_loo.110","borrowman","m2a","elpd_loo",-94.9313724133494,64.0193725996988
"p_loo.110","borrowman","m2a","p_loo",78.1174522726391,62.7785446979937
"looic.110","borrowman","m2a","looic",189.862744826699,128.038745199398
"elpd_loo.210","borrowman","m2b","elpd_loo",-78.6246887162936,49.9971738180948
"p_loo.210","borrowman","m2b","p_loo",61.6676349884947,48.5183548001269
"looic.210","borrowman","m2b","looic",157.249377432587,99.9943476361896
"elpd_loo.310","borrowman","m3","elpd_loo",-189.97994811869,137.851816765922
"p_loo.310","borrowman","m3","p_loo",171.38691156584,136.191192128273
"looic.310","borrowman","m3","looic",379.959896237379,275.703633531843
"elpd_loo.410","borrowman","m4a","elpd_loo",-140.441813587262,104.422975922123
"p_loo.410","borrowman","m4a","p_loo",123.385269795648,103.101348815624
"looic.410","borrowman","m4a","looic",280.883627174523,208.845951844247
"elpd_loo.510","borrowman","m4b","elpd_loo",-141.527835781326,104.713607961321
"p_loo.510","borrowman","m4b","p_loo",124.586773080452,103.427686495389
"looic.510","borrowman","m4b","looic",283.055671562651,209.427215922642
"elpd_loo11","bowser","m1","elpd_loo",-10.1285494717037,1.44108063626999
"p_loo11","bowser","m1","p_loo",2.27151365221668,0.609358707864586
"looic11","bowser","m1","looic",20.2570989434074,2.88216127253997
"elpd_loo.111","bowser","m2a","elpd_loo",-10.2593891523299,1.7745889286159
"p_loo.111","bowser","m2a","p_loo",1.13299847907583,0.396522150587184
"looic.111","bowser","m2a","looic",20.5187783046598,3.5491778572318
"elpd_loo.211","bowser","m2b","elpd_loo",-9.86571822979065,1.6469078559579
"p_loo.211","bowser","m2b","p_loo",1.0951948469185,0.37721590979489
"looic.211","bowser","m2b","looic",19.7314364595813,3.29381571191581
"elpd_loo.311","bowser","m3","elpd_loo",-17.9081737660666,1.82300388669287
"p_loo.311","bowser","m3","p_loo",2.12017549290606,0.607564090437299
"looic.311","bowser","m3","looic",35.8163475321331,3.64600777338574
"elpd_loo.411","bowser","m4a","elpd_loo",-16.254808956641,2.10453721742356
"p_loo.411","bowser","m4a","p_loo",1.89720352412484,0.482735535788624
"looic.411","bowser","m4a","looic",32.509617913282,4.20907443484712
"elpd_loo.511","bowser","m4b","elpd_loo",-15.660099645951,2.0157294263031
"p_loo.511","bowser","m4b","p_loo",1.76585854749825,0.46014014022687
"looic.511","bowser","m4b","looic",31.3201992919019,4.0314588526062
"elpd_loo12","canoona","m1","elpd_loo",-110.927261287659,61.3035667883013
"p_loo12","canoona","m1","p_loo",91.7718244775879,55.5295125361121
"looic12","canoona","m1","looic",221.854522575318,122.607133576603
"elpd_loo.112","canoona","m2a","elpd_loo",-67.1846491067179,35.0025485197814
"p_loo.112","canoona","m2a","p_loo",52.6803628409324,32.2838059127678
"looic.112","canoona","m2a","looic",134.369298213436,70.0050970395628
"elpd_loo.212","canoona","m2b","elpd_loo",-73.5174970047191,38.1123539863925
"p_loo.212","canoona","m2b","p_loo",59.5114394887369,35.9165568406768
"looic.212","canoona","m2b","looic",147.034994009438,76.2247079727849
"elpd_loo.312","canoona","m3","elpd_loo",-121.800374248151,66.5273138129592
"p_loo.312","canoona","m3","p_loo",104.015174783734,61.4506289128091
"looic.312","canoona","m3","looic",243.600748496302,133.054627625918
"elpd_loo.412","canoona","m4a","elpd_loo",-86.4587502547168,46.6291476730264
"p_loo.412","canoona","m4a","p_loo",72.1153449501102,43.8914361657107
"looic.412","canoona","m4a","looic",172.917500509434,93.2582953460527
"elpd_loo.512","canoona","m4b","elpd_loo",-69.7712853860096,35.829832125035
"p_loo.512","canoona","m4b","p_loo",55.6230120366685,33.25396226994
"looic.512","canoona","m4b","looic",139.542570772019,71.6596642500701
"elpd_loo13","curtis-inlet","m1","elpd_loo",-91.3353519492589,63.3307223485809
"p_loo13","curtis-inlet","m1","p_loo",67.6411636114678,62.2277677689102
"looic13","curtis-inlet","m1","looic",182.670703898518,126.661444697162
"elpd_loo.113","curtis-inlet","m2a","elpd_loo",-83.5649162946018,56.3466396912531
"p_loo.113","curtis-inlet","m2a","p_loo",60.0422430468318,54.8920751519571
"looic.113","curtis-inlet","m2a","looic",167.129832589204,112.693279382506
"elpd_loo.213","curtis-inlet","m2b","elpd_loo",-71.2942486285854,45.055474616187
"p_loo.213","curtis-inlet","m2b","p_loo",48.0530355302064,43.7448004998561
"looic.213","curtis-inlet","m2b","looic",142.588497257171,90.110949232374
"elpd_loo.313","curtis-inlet","m3","elpd_loo",-88.2703504045546,61.2324846467315
"p_loo.313","curtis-inlet","m3","p_loo",64.9044194676723,60.141247342404
"looic.313","curtis-inlet","m3","looic",176.540700809109,122.464969293463
"elpd_loo.413","curtis-inlet","m4a","elpd_loo",-77.5566111283934,51.1558195411898
"p_loo.413","curtis-inlet","m4a","p_loo",54.0239594642899,49.6026524978333
"looic.413","curtis-inlet","m4a","looic",155.113222256787,102.31163908238
"elpd_loo.513","curtis-inlet","m4b","elpd_loo",-82.2087348511072,55.5767676605359
"p_loo.513","curtis-inlet","m4b","p_loo",58.8559721990274,54.1660569151644
"looic.513","curtis-inlet","m4b","looic",164.417469702214,111.153535321072
"elpd_loo14","damdochax","m1","elpd_loo",-13.4890056214591,1.02948839427353
"p_loo14","damdochax","m1","p_loo",1.28260366070656,0.223706045660243
"looic14","damdochax","m1","looic",26.9780112429181,2.05897678854706
"elpd_loo.114","damdochax","m2a","elpd_loo",-12.3038475375575,1.3194224347991
"p_loo.114","damdochax","m2a","p_loo",0.888647836660115,0.25684160733937
"looic.114","damdochax","m2a","looic",24.6076950751149,2.6388448695982
"elpd_loo.214","damdochax","m2b","elpd_loo",-12.185937366555,1.31319300889423
"p_loo.214","damdochax","m2b","p_loo",0.922847111707367,0.291286135042445
"looic.214","damdochax","m2b","looic",24.3718747331099,2.62638601778846
"elpd_loo.314","damdochax","m3","elpd_loo",-12.3568209051641,1.0339054090203
"p_loo.314","damdochax","m3","p_loo",1.13624684150866,0.145104526570683
"looic.314","damdochax","m3","looic",24.7136418103283,2.06781081804059
"elpd_loo.414","damdochax","m4a","elpd_loo",-11.3060617253508,1.15377445109898
"p_loo.414","damdochax","m4a","p_loo",0.813773137362602,0.177934447176054
"looic.414","damdochax","m4a","looic",22.6121234507017,2.30754890219796
"elpd_loo.514","damdochax","m4b","elpd_loo",-11.3057922099402,1.15497070822804
"p_loo.514","damdochax","m4b","p_loo",0.825956933073275,0.181420188654063
"looic.514","damdochax","m4b","looic",22.6115844198804,2.30994141645608
"elpd_loo15","devon","m1","elpd_loo",-27.6709397590076,5.69244673993771
"p_loo15","devon","m1","p_loo",5.73252584015267,1.84946315944261
"looic15","devon","m1","looic",55.3418795180152,11.3848934798754
"elpd_loo.115","devon","m2a","elpd_loo",-25.1277712578534,4.54408221030942
"p_loo.115","devon","m2a","p_loo",4.03935127023051,1.27713052946402
"looic.115","devon","m2a","looic",50.2555425157069,9.08816442061884
"elpd_loo.215","devon","m2b","elpd_loo",-25.2819840722772,4.51834614746056
"p_loo.215","devon","m2b","p_loo",4.00985996980925,1.26163315611782
"looic.215","devon","m2b","looic",50.5639681445544,9.03669229492112
"elpd_loo.315","devon","m3","elpd_loo",-27.6341453536698,5.64763536081366
"p_loo.315","devon","m3","p_loo",5.6655298852135,1.80812886420248
"looic.315","devon","m3","looic",55.2682907073396,11.2952707216273
"elpd_loo.415","devon","m4a","elpd_loo",-25.1928879688943,4.54209192909589
"p_loo.415","devon","m4a","p_loo",4.07504854237404,1.29861384292424
"looic.415","devon","m4a","looic",50.3857759377887,9.08418385819177
"elpd_loo.515","devon","m4b","elpd_loo",-25.4651103569959,4.64132125075744
"p_loo.515","devon","m4b","p_loo",4.29256291502473,1.36909637747098
"looic.515","devon","m4b","looic",50.9302207139918,9.28264250151489
"elpd_loo16","evelyn","m1","elpd_loo",-23.1107846631473,1.39661094107717
"p_loo16","evelyn","m1","p_loo",1.44222296852109,0.290091087272803
"looic16","evelyn","m1","looic",46.2215693262946,2.79322188215435
"elpd_loo.116","evelyn","m2a","elpd_loo",-21.803272635907,1.55105314507553
"p_loo.116","evelyn","m2a","p_loo",1.35539623418443,0.377267350207387
"looic.116","evelyn","m2a","looic",43.606545271814,3.10210629015105
"elpd_loo.216","evelyn","m2b","elpd_loo",-21.7815497708611,1.58273675831685
"p_loo.216","evelyn","m2b","p_loo",1.32825694807633,0.393135889036161
"looic.216","evelyn","m2b","looic",43.5630995417222,3.1654735166337
"elpd_loo.316","evelyn","m3","elpd_loo",-21.8619858172407,1.38583046327374
"p_loo.316","evelyn","m3","p_loo",1.20134813068367,0.183229363913267
"looic.316","evelyn","m3","looic",43.7239716344813,2.77166092654747
"elpd_loo.416","evelyn","m4a","elpd_loo",-20.8903696382945,1.569898233232
"p_loo.416","evelyn","m4a","p_loo",0.988072043050962,0.180578667905898
"looic.416","evelyn","m4a","looic",41.7807392765889,3.139796466464
"elpd_loo.516","evelyn","m4b","elpd_loo",-20.8143835714441,1.56149108001076
"p_loo.516","evelyn","m4b","p_loo",0.985183336667007,0.176807845397996
"looic.516","evelyn","m4b","looic",41.6287671428881,3.12298216002152
"elpd_loo17","fairfax","m1","elpd_loo",-11.7904032823627,2.03675914687012
"p_loo17","fairfax","m1","p_loo",2.05523470562572,0.809231069748255
"looic17","fairfax","m1","looic",23.5808065647253,4.07351829374023
"elpd_loo.117","fairfax","m2a","elpd_loo",-10.4827376807422,1.67597519711423
"p_loo.117","fairfax","m2a","p_loo",1.21070778599471,0.472155111608161
"looic.117","fairfax","m2a","looic",20.9654753614845,3.35195039422847
"elpd_loo.217","fairfax","m2b","elpd_loo",-10.5989398800284,1.74238273113806
"p_loo.217","fairfax","m2b","p_loo",1.18465532251299,0.448660264864322
"looic.217","fairfax","m2b","looic",21.1978797600567,3.48476546227613
"elpd_loo.317","fairfax","m3","elpd_loo",-11.107338849765,1.89686717686124
"p_loo.317","fairfax","m3","p_loo",1.86949701084111,0.719815129851806
"looic.317","fairfax","m3","looic",22.21467769953,3.79373435372248
"elpd_loo.417","fairfax","m4a","elpd_loo",-10.3679991452479,1.48107579393436
"p_loo.417","fairfax","m4a","p_loo",1.14552142998981,0.390504682316305
"looic.417","fairfax","m4a","looic",20.7359982904958,2.96215158786871
"elpd_loo.517","fairfax","m4b","elpd_loo",-10.4492800104054,1.57484409318885
"p_loo.517","fairfax","m4b","p_loo",1.1483893925523,0.407843930825838
"looic.517","fairfax","m4b","looic",20.8985600208108,3.1496881863777
"elpd_loo18","fred-wright","m1","elpd_loo",-12.3675853140759,2.60316442237934
"p_loo18","fred-wright","m1","p_loo",2.72825538219392,1.1291232053805
"looic18","fred-wright","m1","looic",24.7351706281517,5.20632884475868
"elpd_loo.118","fred-wright","m2a","elpd_loo",-13.8195678931244,3.33065287851984
"p_loo.118","fred-wright","m2a","p_loo",1.90426578743273,0.895783391615347
"looic.118","fred-wright","m2a","looic",27.6391357862488,6.66130575703967
"elpd_loo.218","fred-wright","m2b","elpd_loo",-12.9238282375592,3.11680773972211
"p_loo.218","fred-wright","m2b","p_loo",1.82163105527815,0.853991507227613
"looic.218","fred-wright","m2b","looic",25.8476564751183,6.23361547944422
"elpd_loo.318","fred-wright","m3","elpd_loo",-12.0795095351299,2.80480677287393
"p_loo.318","fred-wright","m3","p_loo",2.85853153227236,1.31489038817716
"looic.318","fred-wright","m3","looic",24.1590190702597,5.60961354574786
"elpd_loo.418","fred-wright","m4a","elpd_loo",-12.6630718062856,3.133728232514
"p_loo.418","fred-wright","m4a","p_loo",1.9959378721313,0.942305564220056
"looic.418","fred-wright","m4a","looic",25.3261436125712,6.267456465028
"elpd_loo.518","fred-wright","m4b","elpd_loo",-11.985597595927,2.93023977131749
"p_loo.518","fred-wright","m4b","p_loo",1.82618330065804,0.85875480683721
"looic.518","fred-wright","m4b","looic",23.971195191854,5.86047954263498
"elpd_loo19","freeda-lakes","m1","elpd_loo",-54.3967997863167,34.2588606047985
"p_loo19","freeda-lakes","m1","p_loo",45.2697039968953,33.4561109979912
"looic19","freeda-lakes","m1","looic",108.793599572633,68.5177212095969
"elpd_loo.119","freeda-lakes","m2a","elpd_loo",-18.9514429952214,7.78725625304005
"p_loo.119","freeda-lakes","m2a","p_loo",10.0004442949517,6.8564886472541
"looic.119","freeda-lakes","m2a","looic",37.9028859904427,15.5745125060801
"elpd_loo.219","freeda-lakes","m2b","elpd_loo",-20.689619690739,9.17833148314896
"p_loo.219","freeda-lakes","m2b","p_loo",11.6949860099234,8.27503995540541
"looic.219","freeda-lakes","m2b","looic",41.379239381478,18.3566629662979
"elpd_loo.319","freeda-lakes","m3","elpd_loo",-13.3870412772401,2.90451423231067
"p_loo.319","freeda-lakes","m3","p_loo",3.79263279228402,1.77945732822918
"looic.319","freeda-lakes","m3","looic",26.7740825544801,5.80902846462134
"elpd_loo.419","freeda-lakes","m4a","elpd_loo",-12.8339532328203,3.03480654727921
"p_loo.419","freeda-lakes","m4a","p_loo",3.22166873435644,1.47474008548032
"looic.419","freeda-lakes","m4a","looic",25.6679064656406,6.06961309455841
"elpd_loo.519","freeda-lakes","m4b","elpd_loo",-12.2969502973238,2.77300705299171
"p_loo.519","freeda-lakes","m4b","p_loo",2.67075046108401,1.17679760824231
"looic.519","freeda-lakes","m4b","looic",24.5939005946476,5.54601410598342
"elpd_loo20","hartley-bay","m1","elpd_loo",-10.6882399122436,3.62141343359203
"p_loo20","hartley-bay","m1","p_loo",3.99141416467471,1.48617883954504
"looic20","hartley-bay","m1","looic",21.3764798244873,7.24282686718406
"elpd_loo.120","hartley-bay","m2a","elpd_loo",-10.0285589262421,2.19924858478053
"p_loo.120","hartley-bay","m2a","p_loo",2.12850521252312,0.648095581243116
"looic.120","hartley-bay","m2a","looic",20.0571178524842,4.39849716956105
"elpd_loo.220","hartley-bay","m2b","elpd_loo",-10.356229970382,2.36561764696361
"p_loo.220","hartley-bay","m2b","p_loo",2.15547025824411,0.699571874346744
"looic.220","hartley-bay","m2b","looic",20.7124599407641,4.73123529392722
"elpd_loo.320","hartley-bay","m3","elpd_loo",-8.82802461786033,3.23879854066785
"p_loo.320","hartley-bay","m3","p_loo",3.45466656352817,1.30513391554469
"looic.320","hartley-bay","m3","looic",17.6560492357207,6.4775970813357
"elpd_loo.420","hartley-bay","m4a","elpd_loo",-8.53926674783757,1.99397415351755
"p_loo.420","hartley-bay","m4a","p_loo",2.12725140940186,0.640922091534626
"looic.420","hartley-bay","m4a","looic",17.0785334956751,3.9879483070351
"elpd_loo.520","hartley-bay","m4b","elpd_loo",-8.44256460418563,2.00989709842166
"p_loo.520","hartley-bay","m4b","p_loo",2.03649778256029,0.61230587564392
"looic.520","hartley-bay","m4b","looic",16.8851292083713,4.01979419684331
"elpd_loo21","hauyat","m1","elpd_loo",-25.0300666454786,5.68736064724044
"p_loo21","hauyat","m1","p_loo",6.71458766250976,2.70610464845332
"looic21","hauyat","m1","looic",50.0601332909573,11.3747212944809
"elpd_loo.121","hauyat","m2a","elpd_loo",-22.9388594317353,5.10662809626324
"p_loo.121","hauyat","m2a","p_loo",4.36611362878878,1.7560302477602
"looic.121","hauyat","m2a","looic",45.8777188634705,10.2132561925265
"elpd_loo.221","hauyat","m2b","elpd_loo",-23.312272624672,5.39275817445231
"p_loo.221","hauyat","m2b","p_loo",4.7600942247536,2.09238322359308
"looic.221","hauyat","m2b","looic",46.624545249344,10.7855163489046
"elpd_loo.321","hauyat","m3","elpd_loo",-25.5878806166929,6.53364639582237
"p_loo.321","hauyat","m3","p_loo",7.46218659816979,3.51432419074961
"looic.321","hauyat","m3","looic",51.1757612333858,13.0672927916447
"elpd_loo.421","hauyat","m4a","elpd_loo",-22.99684990583,5.55238803438248
"p_loo.421","hauyat","m4a","p_loo",4.71566706939484,2.19227646210343
"looic.421","hauyat","m4a","looic",45.99369981166,11.104776068765
"elpd_loo.521","hauyat","m4b","elpd_loo",-22.7542468776959,5.34437677967522
"p_loo.521","hauyat","m4b","p_loo",4.48613931875573,1.98485344713813
"looic.521","hauyat","m4b","looic",45.5084937553918,10.6887535593504
"elpd_loo22","johanson","m1","elpd_loo",-50.596634101967,44.7202985606379
"p_loo22","johanson","m1","p_loo",47.1160593428084,44.7236252430272
"looic22","johanson","m1","looic",101.193268203934,89.4405971212759
"elpd_loo.122","johanson","m2a","elpd_loo",-13.8391599466819,10.0923302525313
"p_loo.122","johanson","m2a","p_loo",10.6798476660881,9.97605637255616
"looic.122","johanson","m2a","looic",27.6783198933638,20.1846605050626
"elpd_loo.222","johanson","m2b","elpd_loo",-16.6864485511361,13.4870613513757
"p_loo.222","johanson","m2b","p_loo",13.620135289381,13.1375950869427
"looic.222","johanson","m2b","looic",33.3728971022723,26.9741227027515
"elpd_loo.322","johanson","m3","elpd_loo",-16.4614991169859,10.5714162597141
"p_loo.322","johanson","m3","p_loo",13.1513051028563,10.8138214931955
"looic.322","johanson","m3","looic",32.9229982339718,21.1428325194282
"elpd_loo.422","johanson","m4a","elpd_loo",-4.29446500515569,1.02090793989945
"p_loo.422","johanson","m4a","p_loo",1.36991474145312,0.588314546958765
"looic.422","johanson","m4a","looic",8.58893001031138,2.0418158797989
"elpd_loo.522","johanson","m4b","elpd_loo",-4.0238638293174,0.897121540537091
"p_loo.522","johanson","m4b","p_loo",1.20046839773577,0.616024369423944
"looic.522","johanson","m4b","looic",8.04772765863479,1.79424308107418
"elpd_loo23","johnston","m1","elpd_loo",-8.42825276825672,0.637682446202214
"p_loo23","johnston","m1","p_loo",0.806792258521368,0.126467537732927
"looic23","johnston","m1","looic",16.8565055365134,1.27536489240443
"elpd_loo.123","johnston","m2a","elpd_loo",-7.2880531572131,1.23290134600006
"p_loo.123","johnston","m2a","p_loo",0.932894422867702,0.293042699328456
"looic.123","johnston","m2a","looic",14.5761063144262,2.46580269200011
"elpd_loo.223","johnston","m2b","elpd_loo",-7.21954932673075,1.16380662964145
"p_loo.223","johnston","m2b","p_loo",0.854358331166671,0.247839238300376
"looic.223","johnston","m2b","looic",14.4390986534615,2.3276132592829
"elpd_loo.323","johnston","m3","elpd_loo",-8.39902975583616,0.762965110935894
"p_loo.323","johnston","m3","p_loo",0.87037764578727,0.203898401989171
"looic.323","johnston","m3","looic",16.7980595116723,1.52593022187179
"elpd_loo.423","johnston","m4a","elpd_loo",-7.44264342568947,1.2173788850537
"p_loo.423","johnston","m4a","p_loo",0.981963092086761,0.30782181486027
"looic.423","johnston","m4a","looic",14.8852868513789,2.4347577701074
"elpd_loo.523","johnston","m4b","elpd_loo",-7.4133080949482,1.25940146648277
"p_loo.523","johnston","m4b","p_loo",0.949605388620662,0.313065116303584
"looic.523","johnston","m4b","looic",14.8266161898964,2.51880293296554
"elpd_loo24","kadjusdis","m1","elpd_loo",-41.1906428821098,10.9233624932298
"p_loo24","kadjusdis","m1","p_loo",15.0544485048082,5.86354924833266
"looic24","kadjusdis","m1","looic",82.3812857642195,21.8467249864596
"elpd_loo.124","kadjusdis","m2a","elpd_loo",-31.4516849734765,7.45718451321695
"p_loo.124","kadjusdis","m2a","p_loo",8.86735711690537,3.43408346671435
"looic.124","kadjusdis","m2a","looic",62.9033699469531,14.9143690264339
"elpd_loo.224","kadjusdis","m2b","elpd_loo",-30.9929661799338,7.22553027765079
"p_loo.224","kadjusdis","m2b","p_loo",8.06389282695321,3.0963341063927
"looic.224","kadjusdis","m2b","looic",61.9859323598677,14.4510605553016
"elpd_loo.324","kadjusdis","m3","elpd_loo",-24.750968707932,5.27690002849256
"p_loo.324","kadjusdis","m3","p_loo",6.96195758678762,2.64850483799402
"looic.324","kadjusdis","m3","looic",49.5019374158639,10.5538000569851
"elpd_loo.424","kadjusdis","m4a","elpd_loo",-20.995409980572,3.74706681130793
"p_loo.424","kadjusdis","m4a","p_loo",3.83864681924925,1.37985207745724
"looic.424","kadjusdis","m4a","looic",41.990819961144,7.49413362261586
"elpd_loo.524","kadjusdis","m4b","elpd_loo",-21.2200581851988,3.80024969817148
"p_loo.524","kadjusdis","m4b","p_loo",3.80075943262758,1.35804678654533
"looic.524","kadjusdis","m4b","looic",42.4401163703976,7.60049939634295
"elpd_loo25","kainet","m1","elpd_loo",-50.3158096221073,29.5975118842666
"p_loo25","kainet","m1","p_loo",30.6778898191687,28.2456008722948
"looic25","kainet","m1","looic",100.631619244215,59.1950237685332
"elpd_loo.125","kainet","m2a","elpd_loo",-34.8043040180354,11.1134742842072
"p_loo.125","kainet","m2a","p_loo",13.4527078820839,10.5760855866096
"looic.125","kainet","m2a","looic",69.6086080360708,22.2269485684145
"elpd_loo.225","kainet","m2b","elpd_loo",-36.6064514636571,12.3232687276918
"p_loo.225","kainet","m2b","p_loo",14.7497715696037,11.8995628884302
"looic.225","kainet","m2b","looic",73.2129029273142,24.6465374553835
"elpd_loo.325","kainet","m3","elpd_loo",-45.9520496807842,26.1657449549581
"p_loo.325","kainet","m3","p_loo",26.7018746639724,24.9116999861879
"looic.325","kainet","m3","looic",91.9040993615685,52.3314899099162
"elpd_loo.425","kainet","m4a","elpd_loo",-34.4713391826068,13.5935421763316
"p_loo.425","kainet","m4a","p_loo",14.7517500750082,12.8817784830481
"looic.425","kainet","m4a","looic",68.9426783652137,27.1870843526631
"elpd_loo.525","kainet","m4b","elpd_loo",-35.9563411892718,14.5829332488169
"p_loo.525","kainet","m4b","p_loo",16.0000814530267,14.0078726332927
"looic.525","kainet","m4b","looic",71.9126823785437,29.1658664976338
"elpd_loo26","kdelmashan","m1","elpd_loo",-11.2419952951902,1.2572184249163
"p_loo26","kdelmashan","m1","p_loo",1.3736471818222,0.303925872957483
"looic26","kdelmashan","m1","looic",22.4839905903803,2.51443684983259
"elpd_loo.126","kdelmashan","m2a","elpd_loo",-10.0129797852848,1.67673499113398
"p_loo.126","kdelmashan","m2a","p_loo",0.997655555185323,0.340303464994926
"looic.126","kdelmashan","m2a","looic",20.0259595705696,3.35346998226795
"elpd_loo.226","kdelmashan","m2b","elpd_loo",-10.3097706903301,1.77875043099576
"p_loo.226","kdelmashan","m2b","p_loo",1.02617950500931,0.353884096513367
"looic.226","kdelmashan","m2b","looic",20.6195413806602,3.55750086199151
"elpd_loo.326","kdelmashan","m3","elpd_loo",-9.91719746505706,1.20418188187905
"p_loo.326","kdelmashan","m3","p_loo",1.10463724851971,0.308857575133282
"looic.326","kdelmashan","m3","looic",19.8343949301141,2.4083637637581
"elpd_loo.426","kdelmashan","m4a","elpd_loo",-9.10576481121027,1.57258840231619
"p_loo.426","kdelmashan","m4a","p_loo",0.733289097909856,0.30655781805812
"looic.426","kdelmashan","m4a","looic",18.2115296224205,3.14517680463238
"elpd_loo.526","kdelmashan","m4b","elpd_loo",-9.16682253945423,1.61485261312027
"p_loo.526","kdelmashan","m4b","p_loo",0.716129615952435,0.300713370962628
"looic.526","kdelmashan","m4b","looic",18.3336450789085,3.22970522624055
"elpd_loo27","keecha","m1","elpd_loo",-11.7289130390371,1.56900128313125
"p_loo27","keecha","m1","p_loo",1.45737302753603,0.799279627461512
"looic27","keecha","m1","looic",23.4578260780742,3.1380025662625
"elpd_loo.127","keecha","m2a","elpd_loo",-10.1777222361515,1.72287259551292
"p_loo.127","keecha","m2a","p_loo",1.58268950796616,1.12906099731728
"looic.127","keecha","m2a","looic",20.355444472303,3.44574519102584
"elpd_loo.227","keecha","m2b","elpd_loo",-10.4583043640675,1.96214787179729
"p_loo.227","keecha","m2b","p_loo",1.80011106924228,1.3380283205432
"looic.227","keecha","m2b","looic",20.9166087281351,3.92429574359459
"elpd_loo.327","keecha","m3","elpd_loo",-10.3312375962227,0.860992131130182
"p_loo.327","keecha","m3","p_loo",1.0034899309775,0.348615563022388
"looic.327","keecha","m3","looic",20.6624751924454,1.72198426226036
"elpd_loo.427","keecha","m4a","elpd_loo",-9.31285415310087,1.0675697794074
"p_loo.427","keecha","m4a","p_loo",0.899271418949234,0.473206328621333
"looic.427","keecha","m4a","looic",18.6257083062017,2.13513955881479
"elpd_loo.527","keecha","m4b","elpd_loo",-9.26584691896791,1.06114675575298
"p_loo.527","keecha","m4b","p_loo",0.874344291128786,0.462604682313631
"looic.527","keecha","m4b","looic",18.5316938379358,2.12229351150595
"elpd_loo28","keswar","m1","elpd_loo",-8.48545177279046,1.14403780802074
"p_loo28","keswar","m1","p_loo",1.17743120421356,0.555921066091237
"looic28","keswar","m1","looic",16.9709035455809,2.28807561604148
"elpd_loo.128","keswar","m2a","elpd_loo",-6.9608542457687,1.26007363353693
"p_loo.128","keswar","m2a","p_loo",1.55256209197558,0.926100755367175
"looic.128","keswar","m2a","looic",13.9217084915374,2.52014726707387
"elpd_loo.228","keswar","m2b","elpd_loo",-7.59902785775641,1.66052544486669
"p_loo.228","keswar","m2b","p_loo",2.04634661769482,1.27987207725196
"looic.228","keswar","m2b","looic",15.1980557155128,3.32105088973337
"elpd_loo.328","keswar","m3","elpd_loo",-7.33625380712949,0.446967279147037
"p_loo.328","keswar","m3","p_loo",0.841345987901692,0.217407835190393
"looic.328","keswar","m3","looic",14.672507614259,0.893934558294074
"elpd_loo.428","keswar","m4a","elpd_loo",-6.28034456767685,0.789190170974632
"p_loo.428","keswar","m4a","p_loo",0.962219428084119,0.472940655094151
"looic.428","keswar","m4a","looic",12.5606891353537,1.57838034194926
"elpd_loo.528","keswar","m4b","elpd_loo",-6.33102373749055,0.78381079195841
"p_loo.528","keswar","m4b","p_loo",0.960925445835369,0.462660112277931
"looic.528","keswar","m4b","looic",12.6620474749811,1.56762158391682
"elpd_loo29","kimsquit","m1","elpd_loo",-14.4495428303613,2.42674986175922
"p_loo29","kimsquit","m1","p_loo",3.90192813115585,1.0746864741313
"looic29","kimsquit","m1","looic",28.8990856607226,4.85349972351843
"elpd_loo.129","kimsquit","m2a","elpd_loo",-13.6892829759163,1.84547844753783
"p_loo.129","kimsquit","m2a","p_loo",2.20595232640566,0.696153240706279
"looic.129","kimsquit","m2a","looic",27.3785659518326,3.69095689507565
"elpd_loo.229","kimsquit","m2b","elpd_loo",-13.6394744847772,1.81016247879557
"p_loo.229","kimsquit","m2b","p_loo",2.07265587902738,0.652980633391018
"looic.229","kimsquit","m2b","looic",27.2789489695545,3.62032495759115
"elpd_loo.329","kimsquit","m3","elpd_loo",-12.6857376771308,2.2213208952597
"p_loo.329","kimsquit","m3","p_loo",3.06622684705429,0.798807392128164
"looic.329","kimsquit","m3","looic",25.3714753542616,4.44264179051941
"elpd_loo.429","kimsquit","m4a","elpd_loo",-11.6924776525136,1.48023931223499
"p_loo.429","kimsquit","m4a","p_loo",1.88612788690567,0.469333490885312
"looic.429","kimsquit","m4a","looic",23.3849553050272,2.96047862446997
"elpd_loo.529","kimsquit","m4b","elpd_loo",-11.8117377208706,1.48332805308827
"p_loo.529","kimsquit","m4b","p_loo",1.94384647389015,0.498084780432595
"looic.529","kimsquit","m4b","looic",23.6234754417411,2.96665610617654
"elpd_loo30","kisameet","m1","elpd_loo",-21.7792910755493,11.6921050250626
"p_loo30","kisameet","m1","p_loo",17.2291210360749,11.3180192611828
"looic30","kisameet","m1","looic",43.5585821510985,23.3842100501252
"elpd_loo.130","kisameet","m2a","elpd_loo",-7.54329038066535,1.52300703621449
"p_loo.130","kisameet","m2a","p_loo",2.97586765817188,0.657837138607642
"looic.130","kisameet","m2a","looic",15.0865807613307,3.04601407242897
"elpd_loo.230","kisameet","m2b","elpd_loo",-7.68410790848027,2.02820506504235
"p_loo.230","kisameet","m2b","p_loo",2.92100301156384,0.995234252067703
"looic.230","kisameet","m2b","looic",15.3682158169605,4.0564101300847
"elpd_loo.330","kisameet","m3","elpd_loo",-28.2353896032914,16.9350697601467
"p_loo.330","kisameet","m3","p_loo",24.078848878721,16.1043549098521
"looic.330","kisameet","m3","looic",56.4707792065828,33.8701395202934
"elpd_loo.430","kisameet","m4a","elpd_loo",-8.04885701170345,2.25738016813903
"p_loo.430","kisameet","m4a","p_loo",3.94394146250201,1.54823445366691
"looic.430","kisameet","m4a","looic",16.0977140234069,4.51476033627806
"elpd_loo.530","kisameet","m4b","elpd_loo",-8.04749478271066,2.24380123464037
"p_loo.530","kisameet","m4b","p_loo",3.88059764698629,1.64333272709869
"looic.530","kisameet","m4b","looic",16.0949895654213,4.48760246928075
"elpd_loo31","kitkiata","m1","elpd_loo",-12.3648429673577,3.3925678963958
"p_loo31","kitkiata","m1","p_loo",3.8647060383299,1.43765788846116
"looic31","kitkiata","m1","looic",24.7296859347154,6.78513579279159
"elpd_loo.131","kitkiata","m2a","elpd_loo",-10.3080514063272,1.40552952288166
"p_loo.131","kitkiata","m2a","p_loo",1.53276682012872,0.310710219705965
"looic.131","kitkiata","m2a","looic",20.6161028126544,2.81105904576331
"elpd_loo.231","kitkiata","m2b","elpd_loo",-10.3406622292964,1.39446056380078
"p_loo.231","kitkiata","m2b","p_loo",1.55036264841707,0.318863490252344
"looic.231","kitkiata","m2b","looic",20.6813244585928,2.78892112760156
"elpd_loo.331","kitkiata","m3","elpd_loo",-12.6094839054509,3.17064937253374
"p_loo.331","kitkiata","m3","p_loo",4.04710400906033,1.42825526094045
"looic.331","kitkiata","m3","looic",25.2189678109018,6.34129874506748
"elpd_loo.431","kitkiata","m4a","elpd_loo",-10.8479262168004,1.47884642219846
"p_loo.431","kitkiata","m4a","p_loo",1.69136320570076,0.356212450012983
"looic.431","kitkiata","m4a","looic",21.6958524336008,2.95769284439691
"elpd_loo.531","kitkiata","m4b","elpd_loo",-10.9222816862172,1.43821021714856
"p_loo.531","kitkiata","m4b","p_loo",1.70654004781545,0.355385647437856
"looic.531","kitkiata","m4b","looic",21.8445633724343,2.87642043429712
"elpd_loo32","kitlope","m1","elpd_loo",-366.623050256524,309.296589223005
"p_loo32","kitlope","m1","p_loo",334.569489242653,305.068882076192
"looic32","kitlope","m1","looic",733.246100513049,618.59317844601
"elpd_loo.132","kitlope","m2a","elpd_loo",-312.877692979606,258.316470060355
"p_loo.132","kitlope","m2a","p_loo",280.507852084454,254.075948990245
"looic.132","kitlope","m2a","looic",625.755385959212,516.63294012071
"elpd_loo.232","kitlope","m2b","elpd_loo",-293.453057457765,241.043393856057
"p_loo.232","kitlope","m2b","p_loo",261.021298107817,236.76231737183
"looic.232","kitlope","m2b","looic",586.906114915529,482.086787712114
"elpd_loo.332","kitlope","m3","elpd_loo",-378.465954976022,318.865103698122
"p_loo.332","kitlope","m3","p_loo",346.043727164744,314.254762548863
"looic.332","kitlope","m3","looic",756.931909952044,637.730207396244
"elpd_loo.432","kitlope","m4a","elpd_loo",-318.474119617431,264.041297198781
"p_loo.432","kitlope","m4a","p_loo",285.316045275446,258.737808419096
"looic.432","kitlope","m4a","looic",636.948239234863,528.082594397563
"elpd_loo.532","kitlope","m4b","elpd_loo",-322.091264674079,267.444418392016
"p_loo.532","kitlope","m4b","p_loo",289.215617440637,262.501590399029
"looic.532","kitlope","m4b","looic",644.182529348158,534.888836784033
"elpd_loo33","kitsumkalum","m1","elpd_loo",-34.6757341652489,3.32906650971892
"p_loo33","kitsumkalum","m1","p_loo",2.04447690346601,0.761962406500397
"looic33","kitsumkalum","m1","looic",69.3514683304977,6.65813301943783
"elpd_loo.133","kitsumkalum","m2a","elpd_loo",-33.9064009527856,4.28482291019417
"p_loo.133","kitsumkalum","m2a","p_loo",2.15706921912945,0.922349318376129
"looic.133","kitsumkalum","m2a","looic",67.8128019055713,8.56964582038833
"elpd_loo.233","kitsumkalum","m2b","elpd_loo",-33.8397267034306,4.3086611827113
"p_loo.233","kitsumkalum","m2b","p_loo",2.10977697199812,0.918441426888458
"looic.233","kitsumkalum","m2b","looic",67.6794534068613,8.61732236542259
"elpd_loo.333","kitsumkalum","m3","elpd_loo",-33.594853848375,3.04231895362403
"p_loo.333","kitsumkalum","m3","p_loo",2.04270560070182,0.709726138980373
"looic.333","kitsumkalum","m3","looic",67.18970769675,6.08463790724807
"elpd_loo.433","kitsumkalum","m4a","elpd_loo",-32.7382869526309,3.77552246577355
"p_loo.433","kitsumkalum","m4a","p_loo",2.19075942802769,0.885479975197124
"looic.433","kitsumkalum","m4a","looic",65.4765739052617,7.55104493154709
"elpd_loo.533","kitsumkalum","m4b","elpd_loo",-32.5526586467621,3.74362384097533
"p_loo.533","kitsumkalum","m4b","p_loo",2.01789882059988,0.790263381384578
"looic.533","kitsumkalum","m4b","looic",65.1053172935242,7.48724768195067
"elpd_loo34","kitwancool","m1","elpd_loo",-10.3645654570622,1.17340055738774
"p_loo34","kitwancool","m1","p_loo",1.22561201938526,0.359127769259299
"looic34","kitwancool","m1","looic",20.7291309141243,2.34680111477547
"elpd_loo.134","kitwancool","m2a","elpd_loo",-10.2237413183042,2.59081502233482
"p_loo.134","kitwancool","m2a","p_loo",1.2090651276817,0.591459023959068
"looic.134","kitwancool","m2a","looic",20.4474826366084,5.18163004466964
"elpd_loo.234","kitwancool","m2b","elpd_loo",-9.74552560467955,2.21530976715899
"p_loo.234","kitwancool","m2b","p_loo",1.08272612736165,0.494653419440922
"looic.234","kitwancool","m2b","looic",19.4910512093591,4.43061953431798
"elpd_loo.334","kitwancool","m3","elpd_loo",-10.4326746956146,1.23136545362369
"p_loo.334","kitwancool","m3","p_loo",1.11486301149143,0.334099048058663
"looic.334","kitwancool","m3","looic",20.8653493912291,2.46273090724738
"elpd_loo.434","kitwancool","m4a","elpd_loo",-10.2421195950358,2.49319122584802
"p_loo.434","kitwancool","m4a","p_loo",1.335257172362,0.646503735718587
"looic.434","kitwancool","m4a","looic",20.4842391900717,4.98638245169605
"elpd_loo.534","kitwancool","m4b","elpd_loo",-9.94740380706143,2.24358190178652
"p_loo.534","kitwancool","m4b","p_loo",1.23054197531255,0.563937091199743
"looic.534","kitwancool","m4b","looic",19.8948076141229,4.48716380357305
"elpd_loo35","koeye","m1","elpd_loo",-29.303840113271,11.3514748758344
"p_loo35","koeye","m1","p_loo",12.6940540042825,7.50446753275584
"looic35","koeye","m1","looic",58.607680226542,22.7029497516689
"elpd_loo.135","koeye","m2a","elpd_loo",-23.8831662845886,8.21133479525899
"p_loo.135","koeye","m2a","p_loo",6.96181307652681,4.04932142465602
"looic.135","koeye","m2a","looic",47.7663325691773,16.422669590518
"elpd_loo.235","koeye","m2b","elpd_loo",-23.7659759777169,8.08875177629404
"p_loo.235","koeye","m2b","p_loo",6.87740765617059,4.02630807838058
"looic.235","koeye","m2b","looic",47.5319519554338,16.1775035525881
"elpd_loo.335","koeye","m3","elpd_loo",-28.5441383651443,11.2736168256277
"p_loo.335","koeye","m3","p_loo",11.9672630230175,7.08687988880837
"looic.335","koeye","m3","looic",57.0882767302887,22.5472336512554
"elpd_loo.435","koeye","m4a","elpd_loo",-24.3944456564506,8.74772602492486
"p_loo.435","koeye","m4a","p_loo",7.69971272700837,4.55635758602181
"looic.435","koeye","m4a","looic",48.7888913129013,17.4954520498497
"elpd_loo.535","koeye","m4b","elpd_loo",-25.7172629074768,9.67026321566731
"p_loo.535","koeye","m4b","p_loo",9.01946385628915,5.47897479280599
"looic.535","koeye","m4b","looic",51.4345258149537,19.3405264313346
"elpd_loo36","kooryet","m1","elpd_loo",-18.1959728861936,2.89547198075513
"p_loo36","kooryet","m1","p_loo",2.10312675269163,0.972707676314999
"looic36","kooryet","m1","looic",36.3919457723873,5.79094396151025
"elpd_loo.136","kooryet","m2a","elpd_loo",-15.7351708841789,2.79072214790635
"p_loo.136","kooryet","m2a","p_loo",1.58036959670347,0.771311393568729
"looic.136","kooryet","m2a","looic",31.4703417683577,5.58144429581269
"elpd_loo.236","kooryet","m2b","elpd_loo",-15.7243011037267,2.8377563580905
"p_loo.236","kooryet","m2b","p_loo",1.46838762636091,0.716772874321227
"looic.236","kooryet","m2b","looic",31.4486022074534,5.675512716181
"elpd_loo.336","kooryet","m3","elpd_loo",-17.9228647398504,3.0350805557323
"p_loo.336","kooryet","m3","p_loo",2.3756698394023,1.14154993228058
"looic.336","kooryet","m3","looic",35.8457294797007,6.07016111146461
"elpd_loo.436","kooryet","m4a","elpd_loo",-15.9386158883041,2.94141066279691
"p_loo.436","kooryet","m4a","p_loo",1.70800848990869,0.856185999000795
"looic.436","kooryet","m4a","looic",31.8772317766081,5.88282132559383
"elpd_loo.536","kooryet","m4b","elpd_loo",-15.9931993713117,2.99073293713776
"p_loo.536","kooryet","m4b","p_loo",1.74551654023835,0.880101585031879
"looic.536","kooryet","m4b","looic",31.9863987426234,5.98146587427552
"elpd_loo37","kwakwa","m1","elpd_loo",-25.4043961360079,4.6911794932471
"p_loo37","kwakwa","m1","p_loo",3.81620315300551,1.61065565102721
"looic37","kwakwa","m1","looic",50.8087922720157,9.38235898649421
"elpd_loo.137","kwakwa","m2a","elpd_loo",-24.5756073878288,4.45255420672997
"p_loo.137","kwakwa","m2a","p_loo",2.90742760519155,1.16204163946156
"looic.137","kwakwa","m2a","looic",49.1512147756577,8.90510841345994
"elpd_loo.237","kwakwa","m2b","elpd_loo",-24.5073735207057,4.45329450068839
"p_loo.237","kwakwa","m2b","p_loo",2.82874355738917,1.14231158431871
"looic.237","kwakwa","m2b","looic",49.0147470414113,8.90658900137677
"elpd_loo.337","kwakwa","m3","elpd_loo",-25.356542417163,3.8201688170603
"p_loo.337","kwakwa","m3","p_loo",4.00376498786552,1.39914497317988
"looic.337","kwakwa","m3","looic",50.713084834326,7.64033763412059
"elpd_loo.437","kwakwa","m4a","elpd_loo",-24.5885513302817,3.75424301836012
"p_loo.437","kwakwa","m4a","p_loo",3.25115760136317,1.12902589010726
"looic.437","kwakwa","m4a","looic",49.1771026605634,7.50848603672024
"elpd_loo.537","kwakwa","m4b","elpd_loo",-24.5924496688846,3.79061490866389
"p_loo.537","kwakwa","m4b","p_loo",3.27223395654424,1.13422424340238
"looic.537","kwakwa","m4b","looic",49.1848993377691,7.58122981732778
"elpd_loo38","lakelse","m1","elpd_loo",-49.5634975651291,21.9165523747937
"p_loo38","lakelse","m1","p_loo",23.6622162136522,21.0598181076906
"looic38","lakelse","m1","looic",99.1269951302582,43.8331047495874
"elpd_loo.138","lakelse","m2a","elpd_loo",-43.6435890937941,17.9862584383096
"p_loo.138","lakelse","m2a","p_loo",19.1359194399931,17.0405784741305
"looic.138","lakelse","m2a","looic",87.2871781875882,35.9725168766193
"elpd_loo.238","lakelse","m2b","elpd_loo",-43.7720513171215,17.8144601798385
"p_loo.238","lakelse","m2b","p_loo",19.1984372706259,16.8493064172477
"looic.238","lakelse","m2b","looic",87.5441026342429,35.628920359677
"elpd_loo.338","lakelse","m3","elpd_loo",-43.1382117968871,15.6567415830354
"p_loo.338","lakelse","m3","p_loo",17.2808509280969,15.068173789452
"looic.338","lakelse","m3","looic",86.2764235937743,31.3134831660708
"elpd_loo.438","lakelse","m4a","elpd_loo",-39.7765749227197,13.4507675186286
"p_loo.438","lakelse","m4a","p_loo",14.9498797682979,12.7270098973729
"looic.438","lakelse","m4a","looic",79.5531498454394,26.9015350372572
"elpd_loo.538","lakelse","m4b","elpd_loo",-41.9768948716528,15.4830335584474
"p_loo.538","lakelse","m4b","p_loo",17.0989388715604,14.791383585444
"looic.538","lakelse","m4b","looic",83.9537897433056,30.9660671168948
"elpd_loo39","long","m1","elpd_loo",-95.0960588216581,26.3441996487491
"p_loo39","long","m1","p_loo",32.5894531881905,15.118611806765
"looic39","long","m1","looic",190.192117643316,52.6883992974981
"elpd_loo.139","long","m2a","elpd_loo",-96.2546238521079,27.0080313155156
"p_loo.139","long","m2a","p_loo",27.5841167516515,12.5557987339781
"looic.139","long","m2a","looic",192.509247704216,54.0160626310313
"elpd_loo.239","long","m2b","elpd_loo",-94.0987337733595,25.7962613137141
"p_loo.239","long","m2b","p_loo",25.1891718991995,11.1959194675243
"looic.239","long","m2b","looic",188.197467546719,51.5925226274282
"elpd_loo.339","long","m3","elpd_loo",-92.2672495993786,26.8370963140617
"p_loo.339","long","m3","p_loo",31.2328893743879,14.8277404920683
"looic.339","long","m3","looic",184.534499198757,53.6741926281235
"elpd_loo.439","long","m4a","elpd_loo",-94.0329379054893,27.7680832818409
"p_loo.439","long","m4a","p_loo",27.0957284611293,12.890194257506
"looic.439","long","m4a","looic",188.065875810979,55.5361665636818
"elpd_loo.539","long","m4b","elpd_loo",-93.385098158868,27.2807697459548
"p_loo.539","long","m4b","p_loo",26.5808169844944,12.5186379670724
"looic.539","long","m4b","looic",186.770196317736,54.5615394919096
"elpd_loo40","lowe","m1","elpd_loo",-98.5313306439902,50.1106714203552
"p_loo40","lowe","m1","p_loo",73.0970830672565,48.999724466208
"looic40","lowe","m1","looic",197.06266128798,100.22134284071
"elpd_loo.140","lowe","m2a","elpd_loo",-96.8151138828599,49.3291424434452
"p_loo.140","lowe","m2a","p_loo",72.5900307993822,48.2441676552854
"looic.140","lowe","m2a","looic",193.63022776572,98.6582848868904
"elpd_loo.240","lowe","m2b","elpd_loo",-97.8221536071835,49.8752919358999
"p_loo.240","lowe","m2b","p_loo",73.615616314135,48.7645911996655
"looic.240","lowe","m2b","looic",195.644307214367,99.7505838717998
"elpd_loo.340","lowe","m3","elpd_loo",-61.3876663336845,26.042355159688
"p_loo.340","lowe","m3","p_loo",37.3401195361785,25.6774550022489
"looic.340","lowe","m3","looic",122.775332667369,52.0847103193759
"elpd_loo.440","lowe","m4a","elpd_loo",-76.5885915203785,36.0898544432008
"p_loo.440","lowe","m4a","p_loo",53.1892403220625,35.6580805185596
"looic.440","lowe","m4a","looic",153.177183040757,72.1797088864016
"elpd_loo.540","lowe","m4b","elpd_loo",-63.77045646264,27.4421236456249
"p_loo.540","lowe","m4b","p_loo",40.409905288389,27.015811465156
"looic.540","lowe","m4b","looic",127.54091292528,54.8842472912498
"elpd_loo41","marian-eden","m1","elpd_loo",-33.5132949926305,4.65960061264738
"p_loo41","marian-eden","m1","p_loo",5.34565882341228,2.14473731566364
"looic41","marian-eden","m1","looic",67.026589985261,9.31920122529476
"elpd_loo.141","marian-eden","m2a","elpd_loo",-34.401613967976,5.94337989052261
"p_loo.141","marian-eden","m2a","p_loo",5.58686766046187,2.61509499117303
"looic.141","marian-eden","m2a","looic",68.803227935952,11.8867597810452
"elpd_loo.241","marian-eden","m2b","elpd_loo",-33.5216296662062,5.77898197056992
"p_loo.241","marian-eden","m2b","p_loo",5.33998739906863,2.45707542384754
"looic.241","marian-eden","m2b","looic",67.0432593324124,11.5579639411398
"elpd_loo.341","marian-eden","m3","elpd_loo",-33.3292287238473,4.65136218201256
"p_loo.341","marian-eden","m3","p_loo",5.31294283769294,2.21839068940338
"looic.341","marian-eden","m3","looic",66.6584574476946,9.30272436402512
"elpd_loo.441","marian-eden","m4a","elpd_loo",-34.4232889062003,5.84457597015792
"p_loo.441","marian-eden","m4a","p_loo",5.46975695795262,2.38643779373419
"looic.441","marian-eden","m4a","looic",68.8465778124007,11.6891519403158
"elpd_loo.541","marian-eden","m4b","elpd_loo",-34.1548928884,5.81883800908038
"p_loo.541","marian-eden","m4b","p_loo",5.46858271082339,2.36226103598531
"looic.541","marian-eden","m4b","looic",68.3097857768001,11.6376760181608
"elpd_loo42","mary-cove","m1","elpd_loo",-34.9536313689322,21.7620469459851
"p_loo42","mary-cove","m1","p_loo",21.7604841926131,17.8225236639729
"looic42","mary-cove","m1","looic",69.9072627378643,43.5240938919703
"elpd_loo.142","mary-cove","m2a","elpd_loo",-26.154692067431,15.5798839525803
"p_loo.142","mary-cove","m2a","p_loo",13.0293979027736,11.2205453252424
"looic.142","mary-cove","m2a","looic",52.3093841348621,31.1597679051607
"elpd_loo.242","mary-cove","m2b","elpd_loo",-26.9484794725773,16.3943682411502
"p_loo.242","mary-cove","m2b","p_loo",13.7959042329674,12.0421767348328
"looic.242","mary-cove","m2b","looic",53.8969589451547,32.7887364823004
"elpd_loo.342","mary-cove","m3","elpd_loo",-32.758977772364,21.2931744190315
"p_loo.342","mary-cove","m3","p_loo",20.1966040399817,17.9361808412567
"looic.342","mary-cove","m3","looic",65.5179555447279,42.5863488380629
"elpd_loo.442","mary-cove","m4a","elpd_loo",-23.694578654329,13.6802543980181
"p_loo.442","mary-cove","m4a","p_loo",10.8279099513941,9.59509123949367
"looic.442","mary-cove","m4a","looic",47.3891573086581,27.3605087960362
"elpd_loo.542","mary-cove","m4b","elpd_loo",-25.3406110076368,15.4089820348305
"p_loo.542","mary-cove","m4b","p_loo",12.569392380571,11.3675740423362
"looic.542","mary-cove","m4b","looic",50.6812220152736,30.817964069661
"elpd_loo43","mathers","m1","elpd_loo",-132.791024181686,58.9189875767156
"p_loo43","mathers","m1","p_loo",124.066419783457,54.7089628655351
"looic43","mathers","m1","looic",265.582048363372,117.837975153431
"elpd_loo.143","mathers","m2a","elpd_loo",-45.5708536663246,20.3226892899841
"p_loo.143","mathers","m2a","p_loo",38.7776959365489,18.9686655716699
"looic.143","mathers","m2a","looic",91.1417073326492,40.6453785799682
"elpd_loo.243","mathers","m2b","elpd_loo",-39.5201304273092,17.9500955253151
"p_loo.243","mathers","m2b","p_loo",32.6759004255065,16.5527620207265
"looic.243","mathers","m2b","looic",79.0402608546183,35.9001910506302
"elpd_loo.343","mathers","m3","elpd_loo",-137.076271731877,58.3846231542564
"p_loo.343","mathers","m3","p_loo",129.515301423101,54.9661096240998
"looic.343","mathers","m3","looic",274.152543463754,116.769246308513
"elpd_loo.443","mathers","m4a","elpd_loo",-52.2944294353866,22.8311236027637
"p_loo.443","mathers","m4a","p_loo",46.0257564267994,21.5013348345653
"looic.443","mathers","m4a","looic",104.588858870773,45.6622472055274
"elpd_loo.543","mathers","m4b","elpd_loo",-47.9335813360614,21.2961528874184
"p_loo.543","mathers","m4b","p_loo",41.7084969063731,19.9659247443713
"looic.543","mathers","m4b","looic",95.8671626721228,42.5923057748367
"elpd_loo44","mcdonell","m1","elpd_loo",-21.9076380222333,3.33385639082397
"p_loo44","mcdonell","m1","p_loo",3.87663413711559,1.22133799793328
"looic44","mcdonell","m1","looic",43.8152760444666,6.66771278164793
"elpd_loo.144","mcdonell","m2a","elpd_loo",-21.0445050299423,3.00801834945488
"p_loo.144","mcdonell","m2a","p_loo",2.72537555983609,0.822301831433057
"looic.144","mcdonell","m2a","looic",42.0890100598846,6.01603669890975
"elpd_loo.244","mcdonell","m2b","elpd_loo",-20.6641534682564,3.03629084101767
"p_loo.244","mcdonell","m2b","p_loo",2.68068060781711,0.870149614647614
"looic.244","mcdonell","m2b","looic",41.3283069365128,6.07258168203534
"elpd_loo.344","mcdonell","m3","elpd_loo",-21.7610608221643,3.29745781018621
"p_loo.344","mcdonell","m3","p_loo",3.69202363549181,1.11539132617907
"looic.344","mcdonell","m3","looic",43.5221216443287,6.59491562037242
"elpd_loo.444","mcdonell","m4a","elpd_loo",-20.9472071450235,2.99163260783442
"p_loo.444","mcdonell","m4a","p_loo",2.74497647272419,0.820277243833465
"looic.444","mcdonell","m4a","looic",41.894414290047,5.98326521566884
"elpd_loo.544","mcdonell","m4b","elpd_loo",-21.0019834751935,3.04333256665494
"p_loo.544","mcdonell","m4b","p_loo",2.94530968320457,0.947351398295112
"looic.544","mcdonell","m4b","looic",42.003966950387,6.08666513330989
"elpd_loo45","mcloughlin","m1","elpd_loo",-21.4969887780774,2.81963393399615
"p_loo45","mcloughlin","m1","p_loo",2.61155807469259,0.913186824559559
"looic45","mcloughlin","m1","looic",42.9939775561548,5.6392678679923
"elpd_loo.145","mcloughlin","m2a","elpd_loo",-20.641947064426,3.21102535090368
"p_loo.145","mcloughlin","m2a","p_loo",2.11966666933653,0.739514665876927
"looic.145","mcloughlin","m2a","looic",41.283894128852,6.42205070180735
"elpd_loo.245","mcloughlin","m2b","elpd_loo",-20.8580838734714,3.33796842769484
"p_loo.245","mcloughlin","m2b","p_loo",1.98596878882199,0.683236169848802
"looic.245","mcloughlin","m2b","looic",41.7161677469427,6.67593685538967
"elpd_loo.345","mcloughlin","m3","elpd_loo",-20.2648458327571,2.68508280979108
"p_loo.345","mcloughlin","m3","p_loo",2.40053007618445,0.913531198620709
"looic.345","mcloughlin","m3","looic",40.5296916655142,5.37016561958216
"elpd_loo.445","mcloughlin","m4a","elpd_loo",-19.8827826459012,2.96353807069233
"p_loo.445","mcloughlin","m4a","p_loo",1.9248582967291,0.712598948832083
"looic.445","mcloughlin","m4a","looic",39.7655652918023,5.92707614138466
"elpd_loo.545","mcloughlin","m4b","elpd_loo",-19.991256569213,3.03496515773643
"p_loo.545","mcloughlin","m4b","p_loo",1.89790457352951,0.701427671844587
"looic.545","mcloughlin","m4b","looic",39.9825131384261,6.06993031547286
"elpd_loo46","mercer","m1","elpd_loo",-22.3244498431798,8.60482658859371
"p_loo46","mercer","m1","p_loo",7.46756920976407,5.6464835796492
"looic46","mercer","m1","looic",44.6488996863597,17.2096531771874
"elpd_loo.146","mercer","m2a","elpd_loo",-16.1611236056294,3.95704915245592
"p_loo.146","mercer","m2a","p_loo",3.63572068714428,2.15980068840212
"looic.146","mercer","m2a","looic",32.3222472112589,7.91409830491185
"elpd_loo.246","mercer","m2b","elpd_loo",-16.0874425975789,4.04372324224341
"p_loo.246","mercer","m2b","p_loo",3.62696089640535,2.18938049997357
"looic.246","mercer","m2b","looic",32.1748851951577,8.08744648448682
"elpd_loo.346","mercer","m3","elpd_loo",-15.275574941194,5.25021175071744
"p_loo.346","mercer","m3","p_loo",4.43998314112112,3.14743448117969
"looic.346","mercer","m3","looic",30.551149882388,10.5004235014349
"elpd_loo.446","mercer","m4a","elpd_loo",-13.0664605139724,2.9021905416428
"p_loo.446","mercer","m4a","p_loo",2.24401955370667,1.42138220873534
"looic.446","mercer","m4a","looic",26.1329210279449,5.80438108328561
"elpd_loo.546","mercer","m4b","elpd_loo",-12.7109815962452,2.64119586820495
"p_loo.546","mercer","m4b","p_loo",1.88446852317489,1.08379924261633
"looic.546","mercer","m4b","looic",25.4219631924903,5.2823917364099
"elpd_loo47","meziadin","m1","elpd_loo",-14.7516972127891,1.38536031386859
"p_loo47","meziadin","m1","p_loo",1.31655747080869,0.192658852228924
"looic47","meziadin","m1","looic",29.5033944255783,2.77072062773718
"elpd_loo.147","meziadin","m2a","elpd_loo",-14.8799291010355,1.31812233365256
"p_loo.147","meziadin","m2a","p_loo",1.06616530218273,0.189081243020698
"looic.147","meziadin","m2a","looic",29.759858202071,2.63624466730512
"elpd_loo.247","meziadin","m2b","elpd_loo",-14.7269191180051,1.31491511561551
"p_loo.247","meziadin","m2b","p_loo",1.0969229646127,0.192229877559237
"looic.247","meziadin","m2b","looic",29.4538382360102,2.62983023123102
"elpd_loo.347","meziadin","m3","elpd_loo",-14.7165228924758,1.39430273047923
"p_loo.347","meziadin","m3","p_loo",1.28996849969051,0.187512504795294
"looic.347","meziadin","m3","looic",29.4330457849516,2.78860546095846
"elpd_loo.447","meziadin","m4a","elpd_loo",-14.518278498121,1.34262648883253
"p_loo.447","meziadin","m4a","p_loo",0.996924864981406,0.168978420372301
"looic.447","meziadin","m4a","looic",29.036556996242,2.68525297766506
"elpd_loo.547","meziadin","m4b","elpd_loo",-14.4438025137192,1.33289856059071
"p_loo.547","meziadin","m4b","p_loo",1.00143992339393,0.16931769444084
"looic.547","meziadin","m4b","looic",28.8876050274384,2.66579712118141
"elpd_loo48","mikado","m1","elpd_loo",-17.2415763117966,8.66510520940503
"p_loo48","mikado","m1","p_loo",9.46796749681715,6.40404392921533
"looic48","mikado","m1","looic",34.4831526235932,17.3302104188101
"elpd_loo.148","mikado","m2a","elpd_loo",-13.3642293435966,4.87830029674481
"p_loo.148","mikado","m2a","p_loo",4.92155313402979,3.10092919129875
"looic.148","mikado","m2a","looic",26.7284586871932,9.75660059348961
"elpd_loo.248","mikado","m2b","elpd_loo",-13.930366628691,5.31225847290911
"p_loo.248","mikado","m2b","p_loo",5.2555377128469,3.43612629601562
"looic.248","mikado","m2b","looic",27.8607332573819,10.6245169458182
"elpd_loo.348","mikado","m3","elpd_loo",-8.20345783458581,2.19506248204814
"p_loo.348","mikado","m3","p_loo",2.72521839041825,1.16065943935795
"looic.348","mikado","m3","looic",16.4069156691716,4.39012496409629
"elpd_loo.448","mikado","m4a","elpd_loo",-9.03733450537722,1.3800111752509
"p_loo.448","mikado","m4a","p_loo",1.82709346627544,0.551681724577371
"looic.448","mikado","m4a","looic",18.0746690107544,2.76002235050181
"elpd_loo.548","mikado","m4b","elpd_loo",-9.0320058370974,1.42048318095505
"p_loo.548","mikado","m4b","p_loo",1.85829021231863,0.601518662002181
"looic.548","mikado","m4b","looic",18.0640116741948,2.8409663619101
"elpd_loo49","morice","m1","elpd_loo",-38.6703482321531,6.03698397632867
"p_loo49","morice","m1","p_loo",3.97735399626303,2.33663049363193
"looic49","morice","m1","looic",77.3406964643061,12.0739679526573
"elpd_loo.149","morice","m2a","elpd_loo",-39.8616745970982,7.86819159614243
"p_loo.149","morice","m2a","p_loo",4.01441897247726,2.368688930078
"looic.149","morice","m2a","looic",79.7233491941964,15.7363831922849
"elpd_loo.249","morice","m2b","elpd_loo",-39.5473336360697,7.97603009085487
"p_loo.249","morice","m2b","p_loo",3.97375059239074,2.33602964368795
"looic.249","morice","m2b","looic",79.0946672721393,15.9520601817097
"elpd_loo.349","morice","m3","elpd_loo",-38.9632960126587,5.73410641967937
"p_loo.349","morice","m3","p_loo",3.5270823135556,2.0747802900169
"looic.349","morice","m3","looic",77.9265920253175,11.4682128393587
"elpd_loo.449","morice","m4a","elpd_loo",-40.4223131425858,7.52515104789713
"p_loo.449","morice","m4a","p_loo",3.59116388094954,2.07983391396176
"looic.449","morice","m4a","looic",80.8446262851717,15.0503020957943
"elpd_loo.549","morice","m4b","elpd_loo",-40.4682846163499,7.62113696603088
"p_loo.549","morice","m4b","p_loo",3.70977926199023,2.1253724108767
"looic.549","morice","m4b","looic",80.9365692326999,15.2422739320618
"elpd_loo50","morrison","m1","elpd_loo",-32.4640367983725,4.27883048974286
"p_loo50","morrison","m1","p_loo",5.73964133617542,2.8007403334413
"looic50","morrison","m1","looic",64.9280735967449,8.55766097948571
"elpd_loo.150","morrison","m2a","elpd_loo",-32.9710041965123,4.4136510189671
"p_loo.150","morrison","m2a","p_loo",5.48245264495294,2.85047355485208
"looic.150","morrison","m2a","looic",65.9420083930245,8.82730203793419
"elpd_loo.250","morrison","m2b","elpd_loo",-31.4361199961075,3.9324996059764
"p_loo.250","morrison","m2b","p_loo",4.73349093207324,2.34997011687228
"looic.250","morrison","m2b","looic",62.8722399922151,7.86499921195281
"elpd_loo.350","morrison","m3","elpd_loo",-31.5698392347816,3.80443471784513
"p_loo.350","morrison","m3","p_loo",4.50084945857941,1.92009007181999
"looic.350","morrison","m3","looic",63.1396784695631,7.60886943569027
"elpd_loo.450","morrison","m4a","elpd_loo",-31.822460426551,3.86248109706154
"p_loo.450","morrison","m4a","p_loo",4.41354491062784,2.02808997346719
"looic.450","morrison","m4a","looic",63.6449208531019,7.72496219412308
"elpd_loo.550","morrison","m4b","elpd_loo",-31.4785844287363,3.80283562925053
"p_loo.550","morrison","m4b","p_loo",4.36449123007772,1.97877986224556
"looic.550","morrison","m4b","looic",62.9571688574725,7.60567125850106
"elpd_loo51","motase","m1","elpd_loo",-17.1782903812613,6.39062449163649
"p_loo51","motase","m1","p_loo",8.41565362180421,4.77770792772549
"looic51","motase","m1","looic",34.3565807625226,12.781248983273
"elpd_loo.151","motase","m2a","elpd_loo",-12.0593357982181,3.75047264371999
"p_loo.151","motase","m2a","p_loo",3.59608287533093,2.05226444907693
"looic.151","motase","m2a","looic",24.1186715964362,7.50094528743997
"elpd_loo.251","motase","m2b","elpd_loo",-10.9027064209813,2.97120880556139
"p_loo.251","motase","m2b","p_loo",2.93553033001826,1.58762350880425
"looic.251","motase","m2b","looic",21.8054128419625,5.94241761112278
"elpd_loo.351","motase","m3","elpd_loo",-13.6736578326747,2.85354255857115
"p_loo.351","motase","m3","p_loo",2.67329469480083,1.32355550477919
"looic.351","motase","m3","looic",27.3473156653495,5.70708511714229
"elpd_loo.451","motase","m4a","elpd_loo",-12.3123875980778,2.90185301911247
"p_loo.451","motase","m4a","p_loo",2.05273617791963,0.996389975517792
"looic.451","motase","m4a","looic",24.6247751961557,5.80370603822495
"elpd_loo.551","motase","m4b","elpd_loo",-11.6097618836246,2.56351624534296
"p_loo.551","motase","m4b","p_loo",1.81790666076482,0.871647873023321
"looic.551","motase","m4b","looic",23.2195237672492,5.12703249068591
"elpd_loo52","namu","m1","elpd_loo",-18.6135917025306,2.66379610007477
"p_loo52","namu","m1","p_loo",2.04430088062388,0.943660790126094
"looic52","namu","m1","looic",37.2271834050611,5.32759220014954
"elpd_loo.152","namu","m2a","elpd_loo",-17.7150609573614,3.56447789153252
"p_loo.152","namu","m2a","p_loo",1.87114951722365,0.912482705382286
"looic.152","namu","m2a","looic",35.4301219147229,7.12895578306505
"elpd_loo.252","namu","m2b","elpd_loo",-17.6761732885729,3.39568770840345
"p_loo.252","namu","m2b","p_loo",1.79310885584045,0.834684455969162
"looic.252","namu","m2b","looic",35.3523465771457,6.79137541680691
"elpd_loo.352","namu","m3","elpd_loo",-18.4059224382697,3.18963424367552
"p_loo.352","namu","m3","p_loo",2.19021057844063,1.13652669107975
"looic.352","namu","m3","looic",36.8118448765395,6.37926848735105
"elpd_loo.452","namu","m4a","elpd_loo",-17.7527362492181,3.69429716271331
"p_loo.452","namu","m4a","p_loo",1.92245926076943,1.00650908069111
"looic.452","namu","m4a","looic",35.5054724984362,7.38859432542662
"elpd_loo.552","namu","m4b","elpd_loo",-17.6774703212668,3.60101043001764
"p_loo.552","namu","m4b","p_loo",1.83874216988236,0.95086220392006
"looic.552","namu","m4b","looic",35.3549406425335,7.20202086003529
"elpd_loo53","owikeno","m1","elpd_loo",-40.8346030007991,1.69726579063422
"p_loo53","owikeno","m1","p_loo",0.983356776078129,0.249229702581032
"looic53","owikeno","m1","looic",81.6692060015981,3.39453158126843
"elpd_loo.153","owikeno","m2a","elpd_loo",-39.010460213414,2.51940067762985
"p_loo.153","owikeno","m2a","p_loo",1.6656186038439,0.797787149085626
"looic.153","owikeno","m2a","looic",78.0209204268281,5.03880135525969
"elpd_loo.253","owikeno","m2b","elpd_loo",-39.208105338668,2.56432382144689
"p_loo.253","owikeno","m2b","p_loo",1.71115958812283,0.850268449800201
"looic.253","owikeno","m2b","looic",78.416210677336,5.12864764289378
"elpd_loo.353","owikeno","m3","elpd_loo",-41.0495457801712,1.70989348089923
"p_loo.353","owikeno","m3","p_loo",1.07514749533905,0.314089302403982
"looic.353","owikeno","m3","looic",82.0990915603425,3.41978696179846
"elpd_loo.453","owikeno","m4a","elpd_loo",-39.0700455936561,2.46810430967652
"p_loo.453","owikeno","m4a","p_loo",1.53493596540687,0.680811639752581
"looic.453","owikeno","m4a","looic",78.1400911873123,4.93620861935304
"elpd_loo.553","owikeno","m4b","elpd_loo",-39.0655742445491,2.47321887745851
"p_loo.553","owikeno","m4b","p_loo",1.56845248590277,0.691717894328897
"looic.553","owikeno","m4b","looic",78.1311484890982,4.94643775491701
"elpd_loo54","port-john","m1","elpd_loo",-20.3593871283887,9.69739373902207
"p_loo54","port-john","m1","p_loo",11.1217763330382,8.06753121848594
"looic54","port-john","m1","looic",40.7187742567774,19.3947874780441
"elpd_loo.154","port-john","m2a","elpd_loo",-14.7340374029295,5.39691226594994
"p_loo.154","port-john","m2a","p_loo",5.45489993644141,3.40354154989016
"looic.154","port-john","m2a","looic",29.468074805859,10.7938245318999
"elpd_loo.254","port-john","m2b","elpd_loo",-15.6656860172781,6.1471385143472
"p_loo.254","port-john","m2b","p_loo",6.14814510362523,4.18061008338648
"looic.254","port-john","m2b","looic",31.3313720345562,12.2942770286944
"elpd_loo.354","port-john","m3","elpd_loo",-20.669496407241,10.7344483099683
"p_loo.354","port-john","m3","p_loo",11.965462147597,8.93163428638729
"looic.354","port-john","m3","looic",41.338992814482,21.4688966199365
"elpd_loo.454","port-john","m4a","elpd_loo",-14.8114830340608,6.20060226014895
"p_loo.454","port-john","m4a","p_loo",6.01467417351186,4.16049692840875
"looic.454","port-john","m4a","looic",29.6229660681217,12.4012045202979
"elpd_loo.554","port-john","m4b","elpd_loo",-14.3250843362454,5.81665748395721
"p_loo.554","port-john","m4b","p_loo",5.45610164946041,3.78271785629359
"looic.554","port-john","m4b","looic",28.6501686724908,11.6333149679144
"elpd_loo55","price","m1","elpd_loo",-67.1384789915728,41.7407673005503
"p_loo55","price","m1","p_loo",46.6556290587205,40.906185564838
"looic55","price","m1","looic",134.276957983146,83.4815346011006
"elpd_loo.155","price","m2a","elpd_loo",-61.2109857444826,36.321682810214
"p_loo.155","price","m2a","p_loo",41.8726908770077,35.3571245995307
"looic.155","price","m2a","looic",122.421971488965,72.6433656204281
"elpd_loo.255","price","m2b","elpd_loo",-62.8001796010836,38.2563000471782
"p_loo.255","price","m2b","p_loo",43.5616796814375,37.3947538649517
"looic.255","price","m2b","looic",125.600359202167,76.5126000943563
"elpd_loo.355","price","m3","elpd_loo",-72.1822347882513,47.3281631297369
"p_loo.355","price","m3","p_loo",52.0558666353462,45.9186249841668
"looic.355","price","m3","looic",144.364469576503,94.6563262594739
"elpd_loo.455","price","m4a","elpd_loo",-68.3860630255714,44.9424004579816
"p_loo.455","price","m4a","p_loo",48.7202136994446,43.3783542501644
"looic.455","price","m4a","looic",136.772126051143,89.8848009159632
"elpd_loo.555","price","m4b","elpd_loo",-74.2549399931061,49.6436865350119
"p_loo.555","price","m4b","p_loo",54.7695952452266,48.1698796721873
"looic.555","price","m4b","looic",148.509879986212,99.2873730700239
"elpd_loo56","prudhomme","m1","elpd_loo",-35.3946896151558,5.50399530483875
"p_loo56","prudhomme","m1","p_loo",6.67091761576652,3.67942528806764
"looic56","prudhomme","m1","looic",70.7893792303116,11.0079906096775
"elpd_loo.156","prudhomme","m2a","elpd_loo",-34.9028259696758,5.56274853406972
"p_loo.156","prudhomme","m2a","p_loo",6.36235731153734,3.5540993923981
"looic.156","prudhomme","m2a","looic",69.8056519393516,11.1254970681394
"elpd_loo.256","prudhomme","m2b","elpd_loo",-34.5576702666955,5.43804528885353
"p_loo.256","prudhomme","m2b","p_loo",6.1122440230539,3.44288861305868
"looic.256","prudhomme","m2b","looic",69.115340533391,10.8760905777071
"elpd_loo.356","prudhomme","m3","elpd_loo",-34.9810974056348,5.60930479050122
"p_loo.356","prudhomme","m3","p_loo",6.56552146482199,3.79452876666612
"looic.356","prudhomme","m3","looic",69.9621948112696,11.2186095810024
"elpd_loo.456","prudhomme","m4a","elpd_loo",-34.4097841372283,5.3924571102475
"p_loo.456","prudhomme","m4a","p_loo",5.95140121261066,3.41492155789794
"looic.456","prudhomme","m4a","looic",68.8195682744566,10.784914220495
"elpd_loo.556","prudhomme","m4b","elpd_loo",-34.3654128129174,5.45872221050598
"p_loo.556","prudhomme","m4b","p_loo",5.9767280627469,3.48357544066824
"looic.556","prudhomme","m4b","looic",68.7308256258349,10.917444421012
"elpd_loo57","shawaltan","m1","elpd_loo",-40.1670921120636,11.0292677804415
"p_loo57","shawaltan","m1","p_loo",10.7896752507227,5.86787066404857
"looic57","shawaltan","m1","looic",80.3341842241272,22.058535560883
"elpd_loo.157","shawaltan","m2a","elpd_loo",-34.5293932468667,8.49149945633777
"p_loo.157","shawaltan","m2a","p_loo",8.04224124654772,4.40865929409047
"looic.157","shawaltan","m2a","looic",69.0587864937334,16.9829989126755
"elpd_loo.257","shawaltan","m2b","elpd_loo",-33.9557049342723,8.0530918190388
"p_loo.257","shawaltan","m2b","p_loo",7.22570991998766,3.81668563875911
"looic.257","shawaltan","m2b","looic",67.9114098685447,16.1061836380776
"elpd_loo.357","shawaltan","m3","elpd_loo",-36.7020721481709,9.55993639177885
"p_loo.357","shawaltan","m3","p_loo",9.46931209408863,5.0952234321186
"looic.357","shawaltan","m3","looic",73.4041442963417,19.1198727835577
"elpd_loo.457","shawaltan","m4a","elpd_loo",-31.9326597812297,7.06048778938155
"p_loo.457","shawaltan","m4a","p_loo",5.95466070987953,3.07808434886676
"looic.457","shawaltan","m4a","looic",63.8653195624593,14.1209755787631
"elpd_loo.557","shawaltan","m4b","elpd_loo",-32.8853032219032,7.66582989982953
"p_loo.557","shawaltan","m4b","p_loo",6.7420531234063,3.62057744491629
"looic.557","shawaltan","m4b","looic",65.7706064438065,15.3316597996591
"elpd_loo58","sheneeza","m1","elpd_loo",-172.043482552923,106.471199131031
"p_loo58","sheneeza","m1","p_loo",159.423659050523,105.568609943179
"looic58","sheneeza","m1","looic",344.086965105846,212.942398262062
"elpd_loo.158","sheneeza","m2a","elpd_loo",-58.2171847956867,33.3166017357241
"p_loo.158","sheneeza","m2a","p_loo",45.696411618958,32.5299508664771
"looic.158","sheneeza","m2a","looic",116.434369591373,66.6332034714482
"elpd_loo.258","sheneeza","m2b","elpd_loo",-52.9184603455465,30.7834015624441
"p_loo.258","sheneeza","m2b","p_loo",40.4285889965243,30.1204902471449
"looic.258","sheneeza","m2b","looic",105.836920691093,61.5668031248881
"elpd_loo.358","sheneeza","m3","elpd_loo",-191.793833513466,120.220026730421
"p_loo.358","sheneeza","m3","p_loo",180.426860523465,119.564471056784
"looic.358","sheneeza","m3","looic",383.587667026932,240.440053460842
"elpd_loo.458","sheneeza","m4a","elpd_loo",-92.0547191127988,54.7141609540449
"p_loo.458","sheneeza","m4a","p_loo",81.466252124024,54.1719073993522
"looic.458","sheneeza","m4a","looic",184.109438225598,109.42832190809
"elpd_loo.558","sheneeza","m4b","elpd_loo",-81.5831299361489,47.8148955666543
"p_loo.558","sheneeza","m4b","p_loo",71.0801768832362,47.3410479906591
"looic.558","sheneeza","m4b","looic",163.166259872298,95.6297911333085
"elpd_loo59","skidegate","m1","elpd_loo",-33.0844736060304,2.42917855574042
"p_loo59","skidegate","m1","p_loo",2.22400327618793,0.634402479904999
"looic59","skidegate","m1","looic",66.1689472120609,4.85835711148083
"elpd_loo.159","skidegate","m2a","elpd_loo",-30.4689853129222,2.10633453105871
"p_loo.159","skidegate","m2a","p_loo",1.87070844158277,0.493483875536431
"looic.159","skidegate","m2a","looic",60.9379706258443,4.21266906211741
"elpd_loo.259","skidegate","m2b","elpd_loo",-30.4254356287568,2.12721574766596
"p_loo.259","skidegate","m2b","p_loo",1.80814187716869,0.477119914768177
"looic.259","skidegate","m2b","looic",60.8508712575136,4.25443149533192
"elpd_loo.359","skidegate","m3","elpd_loo",-31.9237966811376,2.14814760292111
"p_loo.359","skidegate","m3","p_loo",1.97547849160792,0.475634419986389
"looic.359","skidegate","m3","looic",63.8475933622752,4.29629520584222
"elpd_loo.459","skidegate","m4a","elpd_loo",-30.3969898403022,2.10285275370037
"p_loo.459","skidegate","m4a","p_loo",1.77718823700455,0.443343226592881
"looic.459","skidegate","m4a","looic",60.7939796806044,4.20570550740074
"elpd_loo.559","skidegate","m4b","elpd_loo",-30.3306251087426,2.09494273141051
"p_loo.559","skidegate","m4b","p_loo",1.69614945218936,0.422027261654615
"looic.559","skidegate","m4b","looic",60.6612502174853,4.18988546282102
"elpd_loo60","slamgeesh","m1","elpd_loo",-11.5090844070522,2.14828756096307
"p_loo60","slamgeesh","m1","p_loo",2.5991229380831,1.01961458765669
"looic60","slamgeesh","m1","looic",23.0181688141044,4.29657512192614
"elpd_loo.160","slamgeesh","m2a","elpd_loo",-10.6348163001817,2.14297706842263
"p_loo.160","slamgeesh","m2a","p_loo",2.34694264890326,0.937588795223777
"looic.160","slamgeesh","m2a","looic",21.2696326003633,4.28595413684526
"elpd_loo.260","slamgeesh","m2b","elpd_loo",-10.5888776315038,1.86938590143555
"p_loo.260","slamgeesh","m2b","p_loo",2.67917517344037,1.13090125542724
"looic.260","slamgeesh","m2b","looic",21.1777552630077,3.7387718028711
"elpd_loo.360","slamgeesh","m3","elpd_loo",-11.0954157465808,2.17647394409064
"p_loo.360","slamgeesh","m3","p_loo",2.62707813575449,1.13798408066325
"looic.360","slamgeesh","m3","looic",22.1908314931616,4.35294788818129
"elpd_loo.460","slamgeesh","m4a","elpd_loo",-9.86439961218363,1.81902725043324
"p_loo.460","slamgeesh","m4a","p_loo",1.86284359764933,0.673536390863879
"looic.460","slamgeesh","m4a","looic",19.7287992243673,3.63805450086647
"elpd_loo.560","slamgeesh","m4b","elpd_loo",-10.0010061979408,1.66052019185641
"p_loo.560","slamgeesh","m4b","p_loo",2.00261554801598,0.693142263084176
"looic.560","slamgeesh","m4b","looic",20.0020123958816,3.32104038371283
"elpd_loo61","stephens","m1","elpd_loo",-53.0700467873051,22.6477149738351
"p_loo61","stephens","m1","p_loo",28.3160847813373,15.6920555503513
"looic61","stephens","m1","looic",106.14009357461,45.2954299476701
"elpd_loo.161","stephens","m2a","elpd_loo",-38.2263247890974,14.9844318657421
"p_loo.161","stephens","m2a","p_loo",17.3182526611832,9.90581931966506
"looic.161","stephens","m2a","looic",76.4526495781948,29.9688637314842
"elpd_loo.261","stephens","m2b","elpd_loo",-39.2344998605909,15.2794356972671
"p_loo.261","stephens","m2b","p_loo",17.672609464113,9.86420568764179
"looic.261","stephens","m2b","looic",78.4689997211819,30.5588713945342
"elpd_loo.361","stephens","m3","elpd_loo",-52.9212955442612,22.3608641578749
"p_loo.361","stephens","m3","p_loo",28.3504073161553,15.4468272169973
"looic.361","stephens","m3","looic",105.842591088522,44.7217283157498
"elpd_loo.461","stephens","m4a","elpd_loo",-39.970632033464,15.9080876130218
"p_loo.461","stephens","m4a","p_loo",18.3009802248255,10.4566505369725
"looic.461","stephens","m4a","looic",79.9412640669281,31.8161752260436
"elpd_loo.561","stephens","m4b","elpd_loo",-40.2025371027948,15.7957430488476
"p_loo.561","stephens","m4b","p_loo",18.1719054403395,10.2477928127857
"looic.561","stephens","m4b","looic",80.4050742055896,31.5914860976951
"elpd_loo62","sustut","m1","elpd_loo",-5.70557842148877,0.687297056501075
"p_loo62","sustut","m1","p_loo",0.786692445122179,0.251360187299244
"looic62","sustut","m1","looic",11.4111568429775,1.37459411300215
"elpd_loo.162","sustut","m2a","elpd_loo",-5.54566549000053,1.335669998049
"p_loo.162","sustut","m2a","p_loo",0.798976543994564,0.365766066791885
"looic.162","sustut","m2a","looic",11.0913309800011,2.671339996098
"elpd_loo.262","sustut","m2b","elpd_loo",-5.53713143167563,1.36025808521138
"p_loo.262","sustut","m2b","p_loo",0.722637802910888,0.34041826630317
"looic.262","sustut","m2b","looic",11.0742628633513,2.72051617042276
"elpd_loo.362","sustut","m3","elpd_loo",-5.72427181487418,0.71948787852433
"p_loo.362","sustut","m3","p_loo",0.864264565580986,0.27904792547623
"looic.362","sustut","m3","looic",11.4485436297484,1.43897575704866
"elpd_loo.462","sustut","m4a","elpd_loo",-5.67913106658258,1.35168858117066
"p_loo.462","sustut","m4a","p_loo",1.021355810567,0.445130029070492
"looic.462","sustut","m4a","looic",11.3582621331652,2.70337716234132
"elpd_loo.562","sustut","m4b","elpd_loo",-5.63761677393374,1.32244213138621
"p_loo.562","sustut","m4b","p_loo",0.955707972711449,0.409569547167585
"looic.562","sustut","m4b","looic",11.2752335478675,2.64488426277242
"elpd_loo63","swan","m1","elpd_loo",-20.8606992838896,6.50474242674034
"p_loo63","swan","m1","p_loo",7.46811082209647,4.16279192151583
"looic63","swan","m1","looic",41.7213985677792,13.0094848534807
"elpd_loo.163","swan","m2a","elpd_loo",-17.3904485182598,3.73796970089252
"p_loo.163","swan","m2a","p_loo",3.90734485503498,1.49966411155577
"looic.163","swan","m2a","looic",34.7808970365196,7.47593940178504
"elpd_loo.263","swan","m2b","elpd_loo",-18.3883263477383,3.63451308130868
"p_loo.263","swan","m2b","p_loo",4.2424574018614,1.41857033237075
"looic.263","swan","m2b","looic",36.7766526954765,7.26902616261735
"elpd_loo.363","swan","m3","elpd_loo",-20.9690498080604,5.62299609203277
"p_loo.363","swan","m3","p_loo",7.27657102987821,3.30176146484967
"looic.363","swan","m3","looic",41.9380996161209,11.2459921840655
"elpd_loo.463","swan","m4a","elpd_loo",-17.5222793394397,3.64768784798516
"p_loo.463","swan","m4a","p_loo",3.86649628829562,1.41383965018527
"looic.463","swan","m4a","looic",35.0445586788793,7.29537569597032
"elpd_loo.563","swan","m4b","elpd_loo",-18.3143060361887,3.85588355176336
"p_loo.563","swan","m4b","p_loo",4.38611752958016,1.62857541665671
"looic.563","swan","m4b","looic",36.6286120723774,7.71176710352671
"elpd_loo64","tankeeah","m1","elpd_loo",-22.1041173781655,1.41287521000349
"p_loo64","tankeeah","m1","p_loo",1.55958654314216,0.283360862352999
"looic64","tankeeah","m1","looic",44.2082347563309,2.82575042000698
"elpd_loo.164","tankeeah","m2a","elpd_loo",-20.3153430668725,1.30159719589718
"p_loo.164","tankeeah","m2a","p_loo",1.3092918901102,0.23400246277738
"looic.164","tankeeah","m2a","looic",40.6306861337449,2.60319439179437
"elpd_loo.264","tankeeah","m2b","elpd_loo",-20.3118934297009,1.35580072287806
"p_loo.264","tankeeah","m2b","p_loo",1.1862691803481,0.209954195188561
"looic.264","tankeeah","m2b","looic",40.6237868594017,2.71160144575613
"elpd_loo.364","tankeeah","m3","elpd_loo",-21.2938417510065,1.20919020057988
"p_loo.364","tankeeah","m3","p_loo",1.54045496397061,0.285227031717534
"looic.364","tankeeah","m3","looic",42.5876835020129,2.41838040115977
"elpd_loo.464","tankeeah","m4a","elpd_loo",-20.141155200063,1.30269979961715
"p_loo.464","tankeeah","m4a","p_loo",1.20512576515049,0.250791299486813
"looic.464","tankeeah","m4a","looic",40.282310400126,2.6053995992343
"elpd_loo.564","tankeeah","m4b","elpd_loo",-20.2116958673758,1.30296476117677
"p_loo.564","tankeeah","m4b","p_loo",1.24640005547537,0.259137450109947
"looic.564","tankeeah","m4b","looic",40.4233917347516,2.60592952235353
"elpd_loo65","tuno-east","m1","elpd_loo",-20.6066483289951,8.48308294832345
"p_loo65","tuno-east","m1","p_loo",10.1308387779971,6.69165063947967
"looic65","tuno-east","m1","looic",41.2132966579903,16.9661658966469
"elpd_loo.165","tuno-east","m2a","elpd_loo",-16.4261735284639,5.88933364462511
"p_loo.165","tuno-east","m2a","p_loo",5.80084040164507,4.03959052833619
"looic.165","tuno-east","m2a","looic",32.8523470569278,11.7786672892502
"elpd_loo.265","tuno-east","m2b","elpd_loo",-13.6960888650342,3.7765695810662
"p_loo.265","tuno-east","m2b","p_loo",3.24943389508788,1.81198688523985
"looic.265","tuno-east","m2b","looic",27.3921777300683,7.55313916213241
"elpd_loo.365","tuno-east","m3","elpd_loo",-23.8216718987549,10.4421311004972
"p_loo.365","tuno-east","m3","p_loo",12.2741480205151,8.16636768914193
"looic.365","tuno-east","m3","looic",47.6433437975098,20.8842622009945
"elpd_loo.465","tuno-east","m4a","elpd_loo",-16.4956747077762,6.4089003464464
"p_loo.465","tuno-east","m4a","p_loo",6.20090204205396,4.33917129685671
"looic.465","tuno-east","m4a","looic",32.9913494155524,12.8178006928928
"elpd_loo.565","tuno-east","m4b","elpd_loo",-18.1365698819627,7.84939210706763
"p_loo.565","tuno-east","m4b","p_loo",8.0638435934968,5.87401019609584
"looic.565","tuno-east","m4b","looic",36.2731397639254,15.6987842141353
"elpd_loo66","tuno-west","m1","elpd_loo",-12.5106287487202,4.45406376934814
"p_loo66","tuno-west","m1","p_loo",7.01291128462013,4.35304792193152
"looic66","tuno-west","m1","looic",25.0212574974404,8.90812753869628
"elpd_loo.166","tuno-west","m2a","elpd_loo",-6.93777370530807,1.45357714412631
"p_loo.166","tuno-west","m2a","p_loo",1.8553953026258,1.15795183995715
"looic.166","tuno-west","m2a","looic",13.8755474106161,2.90715428825263
"elpd_loo.266","tuno-west","m2b","elpd_loo",-6.56581410308275,1.28863916376782
"p_loo.266","tuno-west","m2b","p_loo",1.52317217176162,0.860174113608035
"looic.266","tuno-west","m2b","looic",13.1316282061655,2.57727832753564
"elpd_loo.366","tuno-west","m3","elpd_loo",-18.636846531756,9.68662285584867
"p_loo.366","tuno-west","m3","p_loo",11.7923669237326,8.61330328644587
"looic.366","tuno-west","m3","looic",37.2736930635121,19.3732457116973
"elpd_loo.466","tuno-west","m4a","elpd_loo",-12.7252563210033,6.24489133782545
"p_loo.466","tuno-west","m4a","p_loo",6.82890241927215,5.41688611099064
"looic.466","tuno-west","m4a","looic",25.4505126420067,12.4897826756509
"elpd_loo.566","tuno-west","m4b","elpd_loo",-10.7967971217866,4.64937359258134
"p_loo.566","tuno-west","m4b","p_loo",4.98114040829443,3.82344457080041
"looic.566","tuno-west","m4b","looic",21.5935942435731,9.29874718516269
"elpd_loo67","yakoun","m1","elpd_loo",-42.9058291529984,9.18574148378752
"p_loo67","yakoun","m1","p_loo",13.1018211239012,4.39812738405955
"looic67","yakoun","m1","looic",85.8116583059969,18.371482967575
"elpd_loo.167","yakoun","m2a","elpd_loo",-34.4390242214792,6.56790740357226
"p_loo.167","yakoun","m2a","p_loo",8.29149378654129,2.64373513415408
"looic.167","yakoun","m2a","looic",68.8780484429583,13.1358148071445
"elpd_loo.267","yakoun","m2b","elpd_loo",-32.9900662515113,6.22076576080845
"p_loo.267","yakoun","m2b","p_loo",7.69983401646392,2.44673301490506
"looic.267","yakoun","m2b","looic",65.9801325030226,12.4415315216169
"elpd_loo.367","yakoun","m3","elpd_loo",-42.6569223219449,9.15988820530843
"p_loo.367","yakoun","m3","p_loo",13.2464594729213,4.53776109323433
"looic.367","yakoun","m3","looic",85.3138446438897,18.3197764106169
"elpd_loo.467","yakoun","m4a","elpd_loo",-35.78464928122,6.91081404734807
"p_loo.467","yakoun","m4a","p_loo",9.01629318565939,2.89635162921175
"looic.467","yakoun","m4a","looic",71.56929856244,13.8216280946961
"elpd_loo.567","yakoun","m4b","elpd_loo",-35.5424887830191,6.87333234857545
"p_loo.567","yakoun","m4b","p_loo",9.10727257071979,2.98399809598471
"looic.567","yakoun","m4b","looic",71.0849775660383,13.7466646971509
"elpd_loo68","yeo","m1","elpd_loo",-13.2492271857476,2.83879604633726
"p_loo68","yeo","m1","p_loo",3.06080806132997,1.73562205614139
"looic68","yeo","m1","looic",26.4984543714952,5.67759209267453
"elpd_loo.168","yeo","m2a","elpd_loo",-12.1606522307534,2.68934061121391
"p_loo.168","yeo","m2a","p_loo",2.48226290345227,1.68281347931886
"looic.168","yeo","m2a","looic",24.3213044615067,5.37868122242781
"elpd_loo.268","yeo","m2b","elpd_loo",-12.2164469586288,2.67813891839204
"p_loo.268","yeo","m2b","p_loo",2.34269349949078,1.58307165456017
"looic.268","yeo","m2b","looic",24.4328939172575,5.35627783678408
"elpd_loo.368","yeo","m3","elpd_loo",-11.4911093568598,2.17517397250112
"p_loo.368","yeo","m3","p_loo",2.27038432193308,1.19090061980986
"looic.368","yeo","m3","looic",22.9822187137196,4.35034794500224
"elpd_loo.468","yeo","m4a","elpd_loo",-10.7903700755793,1.82899675727786
"p_loo.468","yeo","m4a","p_loo",1.58588009868739,0.899497590917788
"looic.468","yeo","m4a","looic",21.5807401511585,3.65799351455573
"elpd_loo.568","yeo","m4b","elpd_loo",-10.9617470841786,1.91679810993325
"p_loo.568","yeo","m4b","p_loo",1.67050282549837,0.957924786167014
"looic.568","yeo","m4b","looic",21.9234941683573,3.8335962198665
