"Pop","Model","Metric","Estimate","SE"
"alastair","m1","elpd_loo",-40.8545873438252,6.25837618924501
"alastair","m1","p_loo",11.3263203142219,4.42060535287638
"alastair","m1","looic",81.7091746876503,12.51675237849
"alastair","m2a","elpd_loo",-39.1183024407364,5.82465937953526
"alastair","m2a","p_loo",10.3461192014407,3.87670116880751
"alastair","m2a","looic",78.2366048814728,11.6493187590705
"alastair","m2b","elpd_loo",-38.9106870849771,5.72846852962838
"alastair","m2b","p_loo",10.192033154778,3.79269609087056
"alastair","m2b","looic",77.8213741699541,11.4569370592568
"alastair","m3","elpd_loo",-40.3884746107705,6.16190623740259
"alastair","m3","p_loo",10.7521816853206,4.26322363667051
"alastair","m3","looic",80.7769492215409,12.3238124748052
"alastair","m4a","elpd_loo",-39.2054690115555,5.90876796510529
"alastair","m4a","p_loo",10.3496794214294,3.94665239647474
"alastair","m4a","looic",78.410938023111,11.8175359302106
"alastair","m4b","elpd_loo",-39.3780571221437,5.93609829523382
"alastair","m4b","p_loo",10.4730697026496,3.96796143113073
"alastair","m4b","looic",78.7561142442874,11.8721965904676
"asitika","m1","elpd_loo",-2887.3771754821,2091.30873125848
"asitika","m1","p_loo",2883.85651863004,2090.97466343667
"asitika","m1","looic",5774.7543509642,4182.61746251695
"asitika","m2a","elpd_loo",-58.2793187015836,42.0770143768371
"asitika","m2a","p_loo",56.0912440571626,41.7935821643688
"asitika","m2a","looic",116.558637403167,84.1540287536742
"asitika","m2b","elpd_loo",-64.7676482472453,49.173771067566
"asitika","m2b","p_loo",62.5868453806987,48.8140383053846
"asitika","m2b","looic",129.535296494491,98.3475421351321
"asitika","m3","elpd_loo",-5650.0060191287,3634.77910597318
"asitika","m3","p_loo",5646.80455151638,3634.77771237211
"asitika","m3","looic",11300.0120382574,7269.55821194636
"asitika","m4a","elpd_loo",-855.669912014749,793.390234074141
"asitika","m4a","p_loo",853.486266787846,793.152115786876
"asitika","m4a","looic",1711.3398240295,1586.78046814828
"asitika","m4b","elpd_loo",-1206.87458021897,1164.59511286681
"asitika","m4b","p_loo",1204.71548359749,1164.35022279497
"asitika","m4b","looic",2413.74916043794,2329.19022573362
"atnarko","m1","elpd_loo",-32.4766722648594,4.82848014342524
"atnarko","m1","p_loo",7.47795791554938,3.87378696988743
"atnarko","m1","looic",64.9533445297188,9.65696028685049
"atnarko","m2a","elpd_loo",-35.7581141722608,7.70517601321959
"atnarko","m2a","p_loo",12.6940045995008,6.52303063345981
"atnarko","m2a","looic",71.5162283445216,15.4103520264392
"atnarko","m2b","elpd_loo",-38.5387904764698,8.61557922268911
"atnarko","m2b","p_loo",14.7347857973586,7.19708452290973
"atnarko","m2b","looic",77.0775809529397,17.2311584453782
"atnarko","m3","elpd_loo",-35.4255452453773,5.92976047026939
"atnarko","m3","p_loo",9.95125028727538,4.82228327136589
"atnarko","m3","looic",70.8510904907545,11.8595209405388
"atnarko","m4a","elpd_loo",-36.5653046607827,7.72466700597828
"atnarko","m4a","p_loo",13.1859296038151,6.49159515273908
"atnarko","m4a","looic",73.1306093215655,15.4493340119566
"atnarko","m4b","elpd_loo",-37.8527116684947,8.16402312152595
"atnarko","m4b","p_loo",14.1066114192095,6.81491031178131
"atnarko","m4b","looic",75.7054233369894,16.3280462430519
"awun","m1","elpd_loo",-43.4766083122935,7.69453526138395
"awun","m1","p_loo",16.7956241219358,7.03162237257025
"awun","m1","looic",86.953216624587,15.3890705227679
"awun","m2a","elpd_loo",-41.9216203534211,7.47608158620988
"awun","m2a","p_loo",16.0518032038504,6.71608015056323
"awun","m2a","looic",83.8432407068421,14.9521631724198
"awun","m2b","elpd_loo",-43.1734455435268,8.60979360544061
"awun","m2b","p_loo",17.2643556068322,8.04052429266484
"awun","m2b","looic",86.3468910870535,17.2195872108812
"awun","m3","elpd_loo",-40.468972253984,6.02611793675691
"awun","m3","p_loo",13.8053349141951,5.11013954789161
"awun","m3","looic",80.937944507968,12.0522358735138
"awun","m4a","elpd_loo",-40.7765818597814,6.63915111487007
"awun","m4a","p_loo",14.8172190186414,5.69813415130634
"awun","m4a","looic",81.5531637195627,13.2783022297401
"awun","m4b","elpd_loo",-39.7780003256354,6.05679948829325
"awun","m4b","p_loo",13.8389302233888,5.0115934240647
"awun","m4b","looic",79.5560006512709,12.1135989765865
"azuklotz","m1","elpd_loo",-59.8954302057242,24.1824194155673
"azuklotz","m1","p_loo",46.778130555171,23.1419101211665
"azuklotz","m1","looic",119.790860411448,48.3648388311346
"azuklotz","m2a","elpd_loo",-40.0155926114103,14.9101668328957
"azuklotz","m2a","p_loo",27.0356447312088,13.8568126036276
"azuklotz","m2a","looic",80.0311852228207,29.8203336657914
"azuklotz","m2b","elpd_loo",-41.033091894276,15.2996254694388
"azuklotz","m2b","p_loo",27.9996940603886,14.2751513801238
"azuklotz","m2b","looic",82.066183788552,30.5992509388776
"azuklotz","m3","elpd_loo",-49.2915717794373,18.5256549905353
"azuklotz","m3","p_loo",36.2233185734577,17.4526270327305
"azuklotz","m3","looic",98.5831435588746,37.0513099810706
"azuklotz","m4a","elpd_loo",-37.9950926952664,13.042131491129
"azuklotz","m4a","p_loo",25.0758168298335,11.8414252888475
"azuklotz","m4a","looic",75.9901853905327,26.0842629822581
"azuklotz","m4b","elpd_loo",-46.0927957961323,19.2704210878839
"azuklotz","m4b","p_loo",33.1434407620683,18.2791100725146
"azuklotz","m4b","looic",92.1855915922645,38.5408421757678
"babine","m1","elpd_loo",-36.5720948183395,9.94201591702297
"babine","m1","p_loo",10.9891672326155,8.34980755731118
"babine","m1","looic",73.144189636679,19.8840318340459
"babine","m2a","elpd_loo",-35.0387070216156,9.51146886473837
"babine","m2a","p_loo",10.2999681345674,7.81195681054437
"babine","m2a","looic",70.0774140432312,19.0229377294767
"babine","m2b","elpd_loo",-35.2317854291312,9.76674766344029
"babine","m2b","p_loo",10.7763311235746,8.10995759162085
"babine","m2b","looic",70.4635708582624,19.5334953268806
"babine","m3","elpd_loo",-36.9068428772894,10.5604550533014
"babine","m3","p_loo",11.5180519918636,8.99493766096388
"babine","m3","looic",73.8136857545788,21.1209101066028
"babine","m4a","elpd_loo",-34.9656871089615,9.52877563617434
"babine","m4a","p_loo",10.3097638099085,7.86968531941159
"babine","m4a","looic",69.931374217923,19.0575512723487
"babine","m4b","elpd_loo",-36.4745729963808,10.9469399513754
"babine","m4b","p_loo",11.8890322770858,9.29237150688275
"babine","m4b","looic",72.9491459927616,21.8938799027508
"banks","m1","elpd_loo",-24.6738176482174,3.44554523687119
"banks","m1","p_loo",9.49675286402911,2.95178143501987
"banks","m1","looic",49.3476352964348,6.89109047374238
"banks","m2a","elpd_loo",-20.1351817211644,2.57510216073115
"banks","m2a","p_loo",6.78475475042086,2.17298919146813
"banks","m2a","looic",40.2703634423287,5.15020432146229
"banks","m2b","elpd_loo",-19.726317946857,2.45089050864225
"banks","m2b","p_loo",6.45237543314261,2.05081086608868
"banks","m2b","looic",39.4526358937141,4.9017810172845
"banks","m3","elpd_loo",-24.002784957332,3.39687079787237
"banks","m3","p_loo",9.21578638388465,2.9852378655861
"banks","m3","looic",48.0055699146639,6.79374159574474
"banks","m4a","elpd_loo",-20.435736535513,2.62352573460079
"banks","m4a","p_loo",6.99953307426956,2.23147830673666
"banks","m4a","looic",40.8714730710259,5.24705146920157
"banks","m4b","elpd_loo",-20.1348798478523,2.52266493429137
"banks","m4b","p_loo",6.79166519681766,2.14072325926032
"banks","m4b","looic",40.2697596957047,5.04532986858274
"bear","m1","elpd_loo",-101.532856127679,49.6677976905208
"bear","m1","p_loo",86.1068653590783,49.1369711278312
"bear","m1","looic",203.065712255358,99.3355953810415
"bear","m2a","elpd_loo",-96.929004096409,45.1809858006727
"bear","m2a","p_loo",83.2658175072826,44.7160181599013
"bear","m2a","looic",193.858008192818,90.3619716013454
"bear","m2b","elpd_loo",-93.944213993687,44.512570730333
"bear","m2b","p_loo",80.4286204388187,44.0340903551265
"bear","m2b","looic",187.888427987374,89.025141460666
"bear","m3","elpd_loo",-51.9125048102747,16.8739793635163
"bear","m3","p_loo",33.9465848773478,15.6693949630554
"bear","m3","looic",103.825009620549,33.7479587270325
"bear","m4a","elpd_loo",-45.1167256788255,13.2749717567757
"bear","m4a","p_loo",29.6880015768421,12.1541439669939
"bear","m4a","looic",90.2334513576511,26.5499435135514
"bear","m4b","elpd_loo",-56.3994085166199,19.2578468374158
"bear","m4b","p_loo",40.9742239076845,18.2429836596365
"bear","m4b","looic",112.79881703324,38.5156936748316
"bloomfield","m1","elpd_loo",-28.185234474728,2.32493987237948
"bloomfield","m1","p_loo",4.42133144565467,1.30588009584347
"bloomfield","m1","looic",56.3704689494559,4.64987974475896
"bloomfield","m2a","elpd_loo",-27.984604701246,3.11109478121111
"bloomfield","m2a","p_loo",6.09921748324952,1.96458675836641
"bloomfield","m2a","looic",55.9692094024919,6.22218956242222
"bloomfield","m2b","elpd_loo",-27.7965994944839,3.09865711688265
"bloomfield","m2b","p_loo",5.86496508407337,1.9202937594942
"bloomfield","m2b","looic",55.5931989889679,6.19731423376529
"bloomfield","m3","elpd_loo",-33.1481807679738,4.35982975840245
"bloomfield","m3","p_loo",6.06198261354378,3.84571683257577
"bloomfield","m3","looic",66.2963615359477,8.71965951680489
"bloomfield","m4a","elpd_loo",-30.4425410474054,4.56998091425282
"bloomfield","m4a","p_loo",7.17860986070267,3.7290143454385
"bloomfield","m4a","looic",60.8850820948109,9.13996182850565
"bloomfield","m4b","elpd_loo",-30.8748164544719,5.10582644908126
"bloomfield","m4b","p_loo",7.67416778306409,4.27894397964211
"bloomfield","m4b","looic",61.7496329089438,10.2116528981625
"bonilla","m1","elpd_loo",-25.6299920228533,2.01403582733986
"bonilla","m1","p_loo",3.1902397396485,0.882024852248883
"bonilla","m1","looic",51.2599840457066,4.02807165467972
"bonilla","m2a","elpd_loo",-24.5633635765138,2.17285272716585
"bonilla","m2a","p_loo",3.0394835039117,0.932801557137236
"bonilla","m2a","looic",49.1267271530275,4.3457054543317
"bonilla","m2b","elpd_loo",-24.4978146087652,2.18684190986778
"bonilla","m2b","p_loo",3.03577183979819,0.938361069834265
"bonilla","m2b","looic",48.9956292175305,4.37368381973557
"bonilla","m3","elpd_loo",-25.2986361225346,2.06328464808511
"bonilla","m3","p_loo",3.25430691422958,0.961759540965528
"bonilla","m3","looic",50.5972722450691,4.12656929617022
"bonilla","m4a","elpd_loo",-24.6504957537228,2.18097528609489
"bonilla","m4a","p_loo",3.091750317886,0.949218206100283
"bonilla","m4a","looic",49.3009915074457,4.36195057218979
"bonilla","m4b","elpd_loo",-24.6473278094522,2.20015755624645
"bonilla","m4b","p_loo",3.14633317265671,0.965389531448209
"bonilla","m4b","looic",49.2946556189044,4.4003151124929
"borrowman","m1","elpd_loo",-1224.29251280479,772.149759052925
"borrowman","m1","p_loo",1210.07066310745,771.265282656683
"borrowman","m1","looic",2448.58502560958,1544.29951810585
"borrowman","m2a","elpd_loo",-241.612415645878,155.483230467776
"borrowman","m2a","p_loo",228.952722206717,154.965385633885
"borrowman","m2a","looic",483.224831291755,310.966460935552
"borrowman","m2b","elpd_loo",-172.708743586362,107.28364441895
"borrowman","m2b","p_loo",160.194802100795,106.760791634223
"borrowman","m2b","looic",345.417487172723,214.567288837901
"borrowman","m3","elpd_loo",-1922.24701496204,1301.28023062276
"borrowman","m3","p_loo",1906.57829769696,1300.15995676384
"borrowman","m3","looic",3844.49402992407,2602.56046124553
"borrowman","m4a","elpd_loo",-520.350290007407,330.213945184729
"borrowman","m4a","p_loo",507.270403357521,329.471370935361
"borrowman","m4a","looic",1040.70058001481,660.427890369457
"borrowman","m4b","elpd_loo",-488.318022906278,308.852435795731
"borrowman","m4b","p_loo",475.412580451074,308.153958019385
"borrowman","m4b","looic",976.636045812555,617.704871591461
"bowser","m1","elpd_loo",-32.3652939462351,7.61836782174367
"bowser","m1","p_loo",23.1715450281454,6.98524154494116
"bowser","m1","looic",64.7305878924702,15.2367356434873
"bowser","m2a","elpd_loo",-18.5663665504206,3.03766237960984
"bowser","m2a","p_loo",8.99247268202009,2.38997712174878
"bowser","m2a","looic",37.1327331008412,6.07532475921969
"bowser","m2b","elpd_loo",-17.5994910024391,2.77626238836782
"bowser","m2b","p_loo",8.12138569042841,2.13822322394984
"bowser","m2b","looic",35.1989820048781,5.55252477673563
"bowser","m3","elpd_loo",-17.1536224173403,0.705698091805786
"bowser","m3","p_loo",1.5441580256996,0.251606256920093
"bowser","m3","looic",34.3072448346806,1.41139618361157
"bowser","m4a","elpd_loo",-19.6125030958483,1.68639922816188
"bowser","m4a","p_loo",4.58887268427709,0.873626512472407
"bowser","m4a","looic",39.2250061916966,3.37279845632377
"bowser","m4b","elpd_loo",-18.9572172636757,1.67359080659406
"bowser","m4b","p_loo",4.37280628425735,0.852775680334532
"bowser","m4b","looic",37.9144345273515,3.34718161318813
"canoona","m1","elpd_loo",-14.3983496644878,1.32296953503651
"canoona","m1","p_loo",3.40641806498348,0.790737936488276
"canoona","m1","looic",28.7966993289756,2.64593907007301
"canoona","m2a","elpd_loo",-13.5083534684952,0.960125361293796
"canoona","m2a","p_loo",2.29088704014683,0.549220256255132
"canoona","m2a","looic",27.0167069369903,1.92025072258759
"canoona","m2b","elpd_loo",-13.7475356385287,0.95717264489645
"canoona","m2b","p_loo",2.29285140067017,0.566103065322968
"canoona","m2b","looic",27.4950712770574,1.9143452897929
"canoona","m3","elpd_loo",-14.2110902093114,1.20922120134851
"canoona","m3","p_loo",3.23882316668496,0.744829542172525
"canoona","m3","looic",28.4221804186229,2.41844240269701
"canoona","m4a","elpd_loo",-13.5510659708854,0.944019256489947
"canoona","m4a","p_loo",2.33016725019746,0.557060135128907
"canoona","m4a","looic",27.1021319417707,1.88803851297989
"canoona","m4b","elpd_loo",-13.5465439986701,0.926956094012789
"canoona","m4b","p_loo",2.25710524225314,0.551774405104878
"canoona","m4b","looic",27.0930879973401,1.85391218802558
"curtis-inlet","m1","elpd_loo",-89.7521940626755,55.9216706406752
"curtis-inlet","m1","p_loo",66.0240076800008,56.0163035995789
"curtis-inlet","m1","looic",179.504388125351,111.84334128135
"curtis-inlet","m2a","elpd_loo",-77.3840860975668,42.6496385928384
"curtis-inlet","m2a","p_loo",53.6197908563446,42.7333647402471
"curtis-inlet","m2a","looic",154.768172195134,85.2992771856769
"curtis-inlet","m2b","elpd_loo",-76.5778918856533,42.7692075997266
"curtis-inlet","m2b","p_loo",53.0096588814896,42.8662637258011
"curtis-inlet","m2b","looic",153.155783771307,85.5384151994532
"curtis-inlet","m3","elpd_loo",-80.8891865291999,47.0857491178596
"curtis-inlet","m3","p_loo",57.3507063674761,47.1582459421658
"curtis-inlet","m3","looic",161.7783730584,94.1714982357191
"curtis-inlet","m4a","elpd_loo",-75.9946230994922,41.1605951805232
"curtis-inlet","m4a","p_loo",52.3183279179601,41.2181582596867
"curtis-inlet","m4a","looic",151.989246198984,82.3211903610464
"curtis-inlet","m4b","elpd_loo",-82.7548300083724,47.9304800653615
"curtis-inlet","m4b","p_loo",59.1186933785324,48.0289038662281
"curtis-inlet","m4b","looic",165.509660016745,95.860960130723
"damdochax","m1","elpd_loo",-38.2236773574767,13.9207400161512
"damdochax","m1","p_loo",25.1257158277197,11.9254420158783
"damdochax","m1","looic",76.4473547149533,27.8414800323024
"damdochax","m2a","elpd_loo",-26.4031754575791,8.80086154547585
"damdochax","m2a","p_loo",13.3601954098144,6.61037056989379
"damdochax","m2a","looic",52.8063509151583,17.6017230909517
"damdochax","m2b","elpd_loo",-26.5340877655758,9.18485126621789
"damdochax","m2b","p_loo",13.8308800166998,7.15692055522444
"damdochax","m2b","looic",53.0681755311516,18.3697025324358
"damdochax","m3","elpd_loo",-43.3728942350555,16.7153455583222
"damdochax","m3","p_loo",30.8223323457585,14.7619920905116
"damdochax","m3","looic",86.745788470111,33.4306911166444
"damdochax","m4a","elpd_loo",-28.2556912309445,9.99368664064079
"damdochax","m4a","p_loo",16.0477204597957,7.93439354468983
"damdochax","m4a","looic",56.511382461889,19.9873732812816
"damdochax","m4b","elpd_loo",-27.3841229321124,9.53909092056965
"damdochax","m4b","p_loo",15.2780855322151,7.59353885192725
"damdochax","m4b","looic",54.7682458642249,19.0781818411393
"devon","m1","elpd_loo",-33.6128606472501,10.5194376372846
"devon","m1","p_loo",15.4667712867687,9.23216972493285
"devon","m1","looic",67.2257212945001,21.0388752745692
"devon","m2a","elpd_loo",-29.2661320450262,7.54418247572218
"devon","m2a","p_loo",10.7871439087622,6.28921689629016
"devon","m2a","looic",58.5322640900524,15.0883649514444
"devon","m2b","elpd_loo",-29.7153650081579,7.74184129492973
"devon","m2b","p_loo",11.2142204248583,6.55798321588684
"devon","m2b","looic",59.4307300163158,15.4836825898595
"devon","m3","elpd_loo",-31.4206485284033,8.84434878401489
"devon","m3","p_loo",13.3233517440559,7.49464986642325
"devon","m3","looic",62.8412970568065,17.6886975680298
"devon","m4a","elpd_loo",-29.8643971626611,8.08786488280705
"devon","m4a","p_loo",11.4372492241513,6.8954634110505
"devon","m4a","looic",59.7287943253223,16.1757297656141
"devon","m4b","elpd_loo",-28.8068887998496,7.00607038208156
"devon","m4b","p_loo",10.315448879934,5.77217708104226
"devon","m4b","looic",57.6137775996993,14.0121407641631
"evelyn","m1","elpd_loo",-25.5141792836398,2.3042183353636
"evelyn","m1","p_loo",4.17040711120612,1.6743865299549
"evelyn","m1","looic",51.0283585672796,4.6084366707272
"evelyn","m2a","elpd_loo",-24.25038656356,2.45772147736611
"evelyn","m2a","p_loo",4.19459607373332,1.70478816526116
"evelyn","m2a","looic",48.5007731271199,4.91544295473223
"evelyn","m2b","elpd_loo",-23.7728719802417,2.22356521711751
"evelyn","m2b","p_loo",3.7614458177051,1.4409699690992
"evelyn","m2b","looic",47.5457439604835,4.44713043423502
"evelyn","m3","elpd_loo",-25.3181728456817,2.99780013622842
"evelyn","m3","p_loo",4.4819592785826,2.15474092053126
"evelyn","m3","looic",50.6363456913634,5.99560027245684
"evelyn","m4a","elpd_loo",-23.7384822554645,2.69445003749506
"evelyn","m4a","p_loo",3.84049020145317,1.74526265333948
"evelyn","m4a","looic",47.4769645109291,5.38890007499012
"evelyn","m4b","elpd_loo",-23.6431714298803,2.72748924471388
"evelyn","m4b","p_loo",3.82681320302439,1.80067134506466
"evelyn","m4b","looic",47.2863428597605,5.45497848942777
"fairfax","m1","elpd_loo",-74.7425704541581,38.3206053841347
"fairfax","m1","p_loo",63.4320470090691,38.2973822007399
"fairfax","m1","looic",149.485140908316,76.6412107682695
"fairfax","m2a","elpd_loo",-43.9273917151003,19.6476790496058
"fairfax","m2a","p_loo",33.0154871078486,19.5510714271325
"fairfax","m2a","looic",87.8547834302005,39.2953580992116
"fairfax","m2b","elpd_loo",-42.3399320810413,18.7964440863574
"fairfax","m2b","p_loo",31.3368718078155,18.7144989561152
"fairfax","m2b","looic",84.6798641620826,37.5928881727148
"fairfax","m3","elpd_loo",-67.2161033532776,32.9915402701582
"fairfax","m3","p_loo",56.8591172781448,32.9633126643412
"fairfax","m3","looic",134.432206706555,65.9830805403164
"fairfax","m4a","elpd_loo",-42.896491462132,21.1203261023565
"fairfax","m4a","p_loo",32.7474641273363,21.0863418304606
"fairfax","m4a","looic",85.7929829242641,42.2406522047131
"fairfax","m4b","elpd_loo",-45.132356413416,23.665959803971
"fairfax","m4b","p_loo",34.9393940229901,23.6774375259714
"fairfax","m4b","looic",90.264712826832,47.331919607942
"fred-wright","m1","elpd_loo",-16.6025154121139,2.46540637715084
"fred-wright","m1","p_loo",6.91493043262232,2.12294770674069
"fred-wright","m1","looic",33.2050308242279,4.93081275430169
"fred-wright","m2a","elpd_loo",-17.4628844702174,2.74420974789098
"fred-wright","m2a","p_loo",6.38732517773337,2.29278442141322
"fred-wright","m2a","looic",34.9257689404349,5.48841949578196
"fred-wright","m2b","elpd_loo",-16.813915516976,2.55808262643938
"fred-wright","m2b","p_loo",6.15488777025486,2.09430032932885
"fred-wright","m2b","looic",33.627831033952,5.11616525287875
"fred-wright","m3","elpd_loo",-16.8814107892974,3.10918259516142
"fred-wright","m3","p_loo",7.59414717375383,2.70534203588312
"fred-wright","m3","looic",33.7628215785948,6.21836519032283
"fred-wright","m4a","elpd_loo",-16.2454711639298,2.75261755628624
"fred-wright","m4a","p_loo",6.10436905830286,2.34811257593704
"fred-wright","m4a","looic",32.4909423278596,5.50523511257248
"fred-wright","m4b","elpd_loo",-15.5750374618032,2.5426450561279
"fred-wright","m4b","p_loo",5.719092581195,2.11466890300091
"fred-wright","m4b","looic",31.1500749236064,5.08529011225581
"freeda-lakes","m1","elpd_loo",-10.0263971632696,0.853972649751633
"freeda-lakes","m1","p_loo",1.9422903942918,0.456462147661275
"freeda-lakes","m1","looic",20.0527943265392,1.70794529950327
"freeda-lakes","m2a","elpd_loo",-9.31024781446849,1.03991559921069
"freeda-lakes","m2a","p_loo",1.99557506453089,0.699679792444039
"freeda-lakes","m2a","looic",18.620495628937,2.07983119842138
"freeda-lakes","m2b","elpd_loo",-9.35543979762087,1.07628989090654
"freeda-lakes","m2b","p_loo",2.04713528730923,0.748714573037239
"freeda-lakes","m2b","looic",18.7108795952417,2.15257978181308
"freeda-lakes","m3","elpd_loo",-10.4180437461452,1.04362165235113
"freeda-lakes","m3","p_loo",1.69387412880244,0.458504679163029
"freeda-lakes","m3","looic",20.8360874922903,2.08724330470226
"freeda-lakes","m4a","elpd_loo",-9.95652114262695,1.34762559543085
"freeda-lakes","m4a","p_loo",1.89533777656689,0.69700831458748
"freeda-lakes","m4a","looic",19.9130422852539,2.69525119086171
"freeda-lakes","m4b","elpd_loo",-9.96109844778679,1.34547927881041
"freeda-lakes","m4b","p_loo",1.87856660144236,0.693863928038624
"freeda-lakes","m4b","looic",19.9221968955736,2.69095855762083
"hartley-bay","m1","elpd_loo",-36.9668535681906,19.0597706715498
"hartley-bay","m1","p_loo",30.5657523744246,17.9638911936333
"hartley-bay","m1","looic",73.9337071363811,38.1195413430995
"hartley-bay","m2a","elpd_loo",-27.0877394281574,14.2150044691302
"hartley-bay","m2a","p_loo",19.8600209005645,13.1313215301957
"hartley-bay","m2a","looic",54.1754788563148,28.4300089382605
"hartley-bay","m2b","elpd_loo",-28.1859821629521,15.6103422070795
"hartley-bay","m2b","p_loo",20.9015290368545,14.5435228736258
"hartley-bay","m2b","looic",56.3719643259041,31.2206844141591
"hartley-bay","m3","elpd_loo",-42.6148796615413,23.6237290528532
"hartley-bay","m3","p_loo",36.732946124576,22.6203847542102
"hartley-bay","m3","looic",85.2297593230827,47.2474581057063
"hartley-bay","m4a","elpd_loo",-27.7519080649631,15.1874164195445
"hartley-bay","m4a","p_loo",21.408630872075,14.173400800778
"hartley-bay","m4a","looic",55.5038161299261,30.3748328390889
"hartley-bay","m4b","elpd_loo",-25.638509981911,13.1619218189358
"hartley-bay","m4b","p_loo",19.2951307573937,12.1084851737249
"hartley-bay","m4b","looic",51.2770199638219,26.3238436378715
"hauyat","m1","elpd_loo",-25.0175065607018,5.89006901459097
"hauyat","m1","p_loo",9.27742756980828,4.85404001952432
"hauyat","m1","looic",50.0350131214036,11.7801380291819
"hauyat","m2a","elpd_loo",-23.8366939759661,5.10300673479943
"hauyat","m2a","p_loo",7.95347106633033,3.6698107558156
"hauyat","m2a","looic",47.6733879519322,10.2060134695989
"hauyat","m2b","elpd_loo",-23.3699321441823,4.85162147004292
"hauyat","m2b","p_loo",7.56908828142766,3.44883668525417
"hauyat","m2b","looic",46.7398642883646,9.70324294008584
"hauyat","m3","elpd_loo",-24.4691657986164,5.82012587601572
"hauyat","m3","p_loo",8.8392428779689,4.53202798137149
"hauyat","m3","looic",48.9383315972328,11.6402517520314
"hauyat","m4a","elpd_loo",-24.1478389981859,5.89620738148377
"hauyat","m4a","p_loo",8.4863612375672,4.40141509368341
"hauyat","m4a","looic",48.2956779963718,11.7924147629675
"hauyat","m4b","elpd_loo",-23.7288815243825,5.64551206974935
"hauyat","m4b","p_loo",8.14052228787641,4.1297602684451
"hauyat","m4b","looic",47.4577630487649,11.2910241394987
"johanson","m1","elpd_loo",-97.0323145711928,44.0556480696658
"johanson","m1","p_loo",93.1169447503833,43.8024469770406
"johanson","m1","looic",194.064629142386,88.1112961393316
"johanson","m2a","elpd_loo",-8.96183887123975,3.15087611878675
"johanson","m2a","p_loo",5.32240935504517,2.69539539328802
"johanson","m2a","looic",17.9236777424795,6.30175223757349
"johanson","m2b","elpd_loo",-14.039602831013,5.48734357163429
"johanson","m2b","p_loo",10.2695325377185,4.87232194436946
"johanson","m2b","looic",28.079205662026,10.9746871432686
"johanson","m3","elpd_loo",-28.8546870104965,8.52168465548778
"johanson","m3","p_loo",25.1194940630278,8.29849406643219
"johanson","m3","looic",57.709374020993,17.0433693109756
"johanson","m4a","elpd_loo",-7.12609164463884,2.97389211788551
"johanson","m4a","p_loo",3.8087393129647,2.56288144616971
"johanson","m4a","looic",14.2521832892777,5.94778423577103
"johanson","m4b","elpd_loo",-7.26509892639823,2.2080577429649
"johanson","m4b","p_loo",3.85891287075106,1.73658807554403
"johanson","m4b","looic",14.5301978527965,4.41611548592981
"johnston","m1","elpd_loo",-17.6390088916418,4.35458286359131
"johnston","m1","p_loo",9.94796574019523,4.10407849186202
"johnston","m1","looic",35.2780177832837,8.70916572718261
"johnston","m2a","elpd_loo",-11.1780481180937,2.56187785011085
"johnston","m2a","p_loo",4.81088109809871,2.32510552066455
"johnston","m2a","looic",22.3560962361874,5.1237557002217
"johnston","m2b","elpd_loo",-11.0640274316914,2.49647298547101
"johnston","m2b","p_loo",4.69611963910594,2.25751351085462
"johnston","m2b","looic",22.1280548633828,4.99294597094201
"johnston","m3","elpd_loo",-14.6470923044446,3.13671421131949
"johnston","m3","p_loo",7.08937154258682,2.91273833781809
"johnston","m3","looic",29.2941846088891,6.27342842263899
"johnston","m4a","elpd_loo",-11.2370485279171,2.63803744254353
"johnston","m4a","p_loo",4.87361154397945,2.42543714438027
"johnston","m4a","looic",22.4740970558342,5.27607488508706
"johnston","m4b","elpd_loo",-11.2916178656,2.47901104860126
"johnston","m4b","p_loo",4.92681014112951,2.21682652808596
"johnston","m4b","looic",22.5832357312,4.95802209720252
"kadjusdis","m1","elpd_loo",-32.2696447508453,6.20518651947084
"kadjusdis","m1","p_loo",15.6610051996948,4.77233462745449
"kadjusdis","m1","looic",64.5392895016906,12.4103730389417
"kadjusdis","m2a","elpd_loo",-23.8128568834116,3.81206307113339
"kadjusdis","m2a","p_loo",7.17296878671119,2.36081013145838
"kadjusdis","m2a","looic",47.6257137668231,7.62412614226677
"kadjusdis","m2b","elpd_loo",-23.6355962403756,3.85722239547498
"kadjusdis","m2b","p_loo",6.92192618899007,2.44895129821581
"kadjusdis","m2b","looic",47.2711924807512,7.71444479094996
"kadjusdis","m3","elpd_loo",-34.4922941256122,6.68103567968988
"kadjusdis","m3","p_loo",17.7140381781372,5.235672162985
"kadjusdis","m3","looic",68.9845882512243,13.3620713593798
"kadjusdis","m4a","elpd_loo",-27.0050958634336,4.55108727326978
"kadjusdis","m4a","p_loo",10.641964973297,3.17428965917783
"kadjusdis","m4a","looic",54.0101917268672,9.10217454653956
"kadjusdis","m4b","elpd_loo",-26.9914399297999,4.58165836797923
"kadjusdis","m4b","p_loo",10.6948565451666,3.26694160467335
"kadjusdis","m4b","looic",53.9828798595998,9.16331673595846
"kainet","m1","elpd_loo",-29.0336864046586,4.82143697373927
"kainet","m1","p_loo",8.08021992170406,3.28412490090603
"kainet","m1","looic",58.0673728093173,9.64287394747853
"kainet","m2a","elpd_loo",-27.4072904090241,3.14234242029684
"kainet","m2a","p_loo",5.42901461238185,1.45516522302333
"kainet","m2a","looic",54.8145808180482,6.28468484059369
"kainet","m2b","elpd_loo",-27.6861735715211,3.09157817646887
"kainet","m2b","p_loo",5.38295068272876,1.39995257423666
"kainet","m2b","looic",55.3723471430421,6.18315635293775
"kainet","m3","elpd_loo",-28.1963856034897,4.83605253297259
"kainet","m3","p_loo",7.65348212142064,3.32251347604225
"kainet","m3","looic",56.3927712069794,9.67210506594519
"kainet","m4a","elpd_loo",-26.6415785442808,3.61523004238583
"kainet","m4a","p_loo",5.72098849384139,2.0565040380718
"kainet","m4a","looic",53.2831570885617,7.23046008477165
"kainet","m4b","elpd_loo",-26.4477697860214,3.39461178261513
"kainet","m4b","p_loo",5.38370489511678,1.78020830053441
"kainet","m4b","looic",52.8955395720428,6.78922356523027
"kdelmashan","m1","elpd_loo",-15.7981978857596,3.52676819382549
"kdelmashan","m1","p_loo",5.89474603213227,3.34587947599848
"kdelmashan","m1","looic",31.5963957715191,7.05353638765098
"kdelmashan","m2a","elpd_loo",-13.6076945921076,2.83524493443322
"kdelmashan","m2a","p_loo",4.00668879908698,2.35760170087097
"kdelmashan","m2a","looic",27.2153891842153,5.67048986886643
"kdelmashan","m2b","elpd_loo",-14.4817814368748,3.36944899916851
"kdelmashan","m2b","p_loo",4.63603147420292,2.92070406433328
"kdelmashan","m2b","looic",28.9635628737496,6.73889799833702
"kdelmashan","m3","elpd_loo",-18.0614346183353,5.78270125543396
"kdelmashan","m3","p_loo",8.40750683231452,5.84253593610947
"kdelmashan","m3","looic",36.1228692366705,11.5654025108679
"kdelmashan","m4a","elpd_loo",-13.5614664865343,2.80388550008749
"kdelmashan","m4a","p_loo",4.14946918398959,2.53843367211624
"kdelmashan","m4a","looic",27.1229329730686,5.60777100017499
"kdelmashan","m4b","elpd_loo",-13.8053888958856,3.00457944981275
"kdelmashan","m4b","p_loo",4.35614125270878,2.76545918754529
"kdelmashan","m4b","looic",27.6107777917713,6.0091588996255
"keecha","m1","elpd_loo",-23.4234665224251,7.13782543591735
"keecha","m1","p_loo",11.6196587633793,5.73980553683823
"keecha","m1","looic",46.8469330448501,14.2756508718347
"keecha","m2a","elpd_loo",-19.184360957886,5.65102270435707
"keecha","m2a","p_loo",8.63173403713971,4.35303334963043
"keecha","m2a","looic",38.3687219157719,11.3020454087141
"keecha","m2b","elpd_loo",-20.4583412970962,6.44086280305425
"keecha","m2b","p_loo",9.77099335586101,5.11859171240585
"keecha","m2b","looic",40.9166825941924,12.8817256061085
"keecha","m3","elpd_loo",-19.5921414898701,5.63353293147963
"keecha","m3","p_loo",9.37341964752689,4.42907415256725
"keecha","m3","looic",39.1842829797402,11.2670658629593
"keecha","m4a","elpd_loo",-16.0375621706606,4.25167839071717
"keecha","m4a","p_loo",6.30969665703289,3.07950600064486
"keecha","m4a","looic",32.0751243413212,8.50335678143434
"keecha","m4b","elpd_loo",-15.9847208862038,4.20088455018981
"keecha","m4b","p_loo",6.22398675228678,3.03235163563825
"keecha","m4b","looic",31.9694417724076,8.40176910037962
"keswar","m1","elpd_loo",-23.728186390932,9.21842421633873
"keswar","m1","p_loo",16.6029292466623,8.6198232658613
"keswar","m1","looic",47.4563727818641,18.4368484326775
"keswar","m2a","elpd_loo",-14.3885394333773,4.76921107405078
"keswar","m2a","p_loo",7.57402911813959,4.4384736177205
"keswar","m2a","looic",28.7770788667546,9.53842214810156
"keswar","m2b","elpd_loo",-13.1435581980599,3.85331872430209
"keswar","m2b","p_loo",6.21670243189783,3.58817616039566
"keswar","m2b","looic",26.2871163961199,7.70663744860418
"keswar","m3","elpd_loo",-25.6236696594514,9.32104933465244
"keswar","m3","p_loo",18.6627257632322,8.72885657514932
"keswar","m3","looic",51.2473393189028,18.6420986693049
"keswar","m4a","elpd_loo",-14.4810298053375,4.54797141311828
"keswar","m4a","p_loo",7.79426750719114,4.179932021646
"keswar","m4a","looic",28.962059610675,9.09594282623656
"keswar","m4b","elpd_loo",-14.484504605803,5.06155993629994
"keswar","m4b","p_loo",7.72156148198161,4.76243709117324
"keswar","m4b","looic",28.9690092116061,10.1231198725999
"kimsquit","m1","elpd_loo",-109.136378285109,70.3269392394554
"kimsquit","m1","p_loo",101.701879283356,68.4182654977392
"kimsquit","m1","looic",218.272756570217,140.653878478911
"kimsquit","m2a","elpd_loo",-61.9521197558507,36.2988519760159
"kimsquit","m2a","p_loo",52.6517895227173,35.1471018226692
"kimsquit","m2a","looic",123.904239511701,72.5977039520319
"kimsquit","m2b","elpd_loo",-52.6116700791617,29.855572773705
"kimsquit","m2b","p_loo",43.0939828758886,28.7654391946944
"kimsquit","m2b","looic",105.223340158323,59.71114554741
"kimsquit","m3","elpd_loo",-121.111416696472,80.8743234205223
"kimsquit","m3","p_loo",113.781149193607,78.7699092814286
"kimsquit","m3","looic",242.222833392943,161.748646841045
"kimsquit","m4a","elpd_loo",-79.0605609496127,49.32809261174
"kimsquit","m4a","p_loo",70.5432958446782,47.8212636318913
"kimsquit","m4a","looic",158.121121899225,98.6561852234799
"kimsquit","m4b","elpd_loo",-75.0585527848704,47.3413039259856
"kimsquit","m4b","p_loo",66.4145175715395,45.8592184742018
"kimsquit","m4b","looic",150.117105569741,94.6826078519713
"kisameet","m1","elpd_loo",-41.7505584431936,18.8369423437684
"kisameet","m1","p_loo",37.0731308264438,18.1249236624032
"kisameet","m1","looic",83.5011168863871,37.6738846875369
"kisameet","m2a","elpd_loo",-13.0782581612806,2.93326835354426
"kisameet","m2a","p_loo",9.14946319031788,3.06065949852285
"kisameet","m2a","looic",26.1565163225612,5.86653670708852
"kisameet","m2b","elpd_loo",-12.0229511562415,3.04355962893639
"kisameet","m2b","p_loo",8.0390434953764,3.06494142758209
"kisameet","m2b","looic",24.045902312483,6.08711925787279
"kisameet","m3","elpd_loo",-44.9602553220345,19.7833045020023
"kisameet","m3","p_loo",40.6025219240473,18.7813707792151
"kisameet","m3","looic",89.920510644069,39.5666090040045
"kisameet","m4a","elpd_loo",-15.5964936483795,4.1622724550474
"kisameet","m4a","p_loo",12.0349537979898,3.71341515546612
"kisameet","m4a","looic",31.1929872967589,8.3245449100948
"kisameet","m4b","elpd_loo",-13.0397429320135,4.36808162089378
"kisameet","m4b","p_loo",9.52231896083812,3.98029319299363
"kisameet","m4b","looic",26.0794858640269,8.73616324178755
"kitkiata","m1","elpd_loo",-22.4219673203648,5.20520712951847
"kitkiata","m1","p_loo",15.2428306785275,4.64894637139989
"kitkiata","m1","looic",44.8439346407296,10.4104142590369
"kitkiata","m2a","elpd_loo",-12.6527452057538,2.01889030622527
"kitkiata","m2a","p_loo",4.33391166168154,1.23752806573566
"kitkiata","m2a","looic",25.3054904115076,4.03778061245054
"kitkiata","m2b","elpd_loo",-12.6056994447811,2.08180732611847
"kitkiata","m2b","p_loo",4.22200582785535,1.25856044340074
"kitkiata","m2b","looic",25.2113988895621,4.16361465223693
"kitkiata","m3","elpd_loo",-20.9396082289517,4.64872721462615
"kitkiata","m3","p_loo",13.3714261433868,3.97928850880765
"kitkiata","m3","looic",41.8792164579035,9.29745442925231
"kitkiata","m4a","elpd_loo",-13.5652388650543,2.24893577449629
"kitkiata","m4a","p_loo",4.82658155363381,1.40330813763462
"kitkiata","m4a","looic",27.1304777301085,4.49787154899258
"kitkiata","m4b","elpd_loo",-13.1427847878836,2.14970252266699
"kitkiata","m4b","p_loo",4.41382450300456,1.27358693105673
"kitkiata","m4b","looic",26.2855695757672,4.29940504533398
"kitlope","m1","elpd_loo",-550.660781538512,469.630105198939
"kitlope","m1","p_loo",523.971191358773,469.605747328697
"kitlope","m1","looic",1101.32156307702,939.260210397877
"kitlope","m2a","elpd_loo",-411.314471909098,342.113975787987
"kitlope","m2a","p_loo",385.035149612169,342.094030994148
"kitlope","m2a","looic",822.628943818196,684.227951575974
"kitlope","m2b","elpd_loo",-398.490777549663,333.229589469406
"kitlope","m2b","p_loo",372.349388184244,333.212681644678
"kitlope","m2b","looic",796.981555099325,666.459178938812
"kitlope","m3","elpd_loo",-544.965047071259,463.225899794308
"kitlope","m3","p_loo",518.705962403728,463.211918446069
"kitlope","m3","looic",1089.93009414252,926.451799588616
"kitlope","m4a","elpd_loo",-450.473716810181,377.886837980895
"kitlope","m4a","p_loo",424.489236011105,377.87276784197
"kitlope","m4a","looic",900.947433620363,755.773675961789
"kitlope","m4b","elpd_loo",-440.380538010573,371.164888875769
"kitlope","m4b","p_loo",414.359529580952,371.156413385145
"kitlope","m4b","looic",880.761076021146,742.329777751539
"kitsumkalum","m1","elpd_loo",-40.2916003173852,3.21136947406055
"kitsumkalum","m1","p_loo",6.28722558635278,1.38024573211036
"kitsumkalum","m1","looic",80.5832006347703,6.4227389481211
"kitsumkalum","m2a","elpd_loo",-39.1377632675892,3.57969042724504
"kitsumkalum","m2a","p_loo",6.2856161073887,1.48058799515084
"kitsumkalum","m2a","looic",78.2755265351785,7.15938085449008
"kitsumkalum","m2b","elpd_loo",-38.9071269350195,3.5785472624904
"kitsumkalum","m2b","p_loo",6.18371395363117,1.4853105452819
"kitsumkalum","m2b","looic",77.814253870039,7.1570945249808
"kitsumkalum","m3","elpd_loo",-39.3437333659874,3.23371797871716
"kitsumkalum","m3","p_loo",6.16079829076217,1.45827529298728
"kitsumkalum","m3","looic",78.6874667319748,6.46743595743433
"kitsumkalum","m4a","elpd_loo",-38.6336428654155,3.59828281918474
"kitsumkalum","m4a","p_loo",6.23202384809237,1.58569075520122
"kitsumkalum","m4a","looic",77.267285730831,7.19656563836948
"kitsumkalum","m4b","elpd_loo",-38.6172459717955,3.5725057480334
"kitsumkalum","m4b","p_loo",6.1846191764511,1.54819853990254
"kitsumkalum","m4b","looic",77.2344919435911,7.14501149606681
"kitwancool","m1","elpd_loo",-99.2187661853527,39.2094266504119
"kitwancool","m1","p_loo",89.9804048130459,39.1620641646598
"kitwancool","m1","looic",198.437532370705,78.4188533008238
"kitwancool","m2a","elpd_loo",-55.5475917169662,26.2261038686827
"kitwancool","m2a","p_loo",47.1195245882819,26.660837191629
"kitwancool","m2a","looic",111.095183433932,52.4522077373654
"kitwancool","m2b","elpd_loo",-62.5730914250438,31.438844567104
"kitwancool","m2b","p_loo",54.2815241619145,31.7455117210775
"kitwancool","m2b","looic",125.146182850088,62.8776891342079
"kitwancool","m3","elpd_loo",-59.6810916606335,32.2931432731926
"kitwancool","m3","p_loo",50.3487975697738,32.0112382468293
"kitwancool","m3","looic",119.362183321267,64.5862865463851
"kitwancool","m4a","elpd_loo",-40.9076996377838,17.4524520880544
"kitwancool","m4a","p_loo",32.8107254204561,17.8354981416386
"kitwancool","m4a","looic",81.8153992755675,34.9049041761088
"kitwancool","m4b","elpd_loo",-38.6439302904342,17.5707245647005
"kitwancool","m4b","p_loo",30.6844730563512,17.7631882646145
"kitwancool","m4b","looic",77.2878605808685,35.1414491294011
"koeye","m1","elpd_loo",-27.3002501770437,9.12496466000218
"koeye","m1","p_loo",13.059823185507,7.73217063475047
"koeye","m1","looic",54.6005003540875,18.2499293200044
"koeye","m2a","elpd_loo",-22.9693247643649,6.81723444237315
"koeye","m2a","p_loo",9.3212922521758,5.45213384907291
"koeye","m2a","looic",45.9386495287298,13.6344688847463
"koeye","m2b","elpd_loo",-22.9303277744745,6.8466410548638
"koeye","m2b","p_loo",9.28577759837541,5.48469598505584
"koeye","m2b","looic",45.860655548949,13.6932821097276
"koeye","m3","elpd_loo",-27.7830150103695,9.93067414222571
"koeye","m3","p_loo",14.0980216706976,8.47069055827024
"koeye","m3","looic",55.566030020739,19.8613482844514
"koeye","m4a","elpd_loo",-22.6932028286993,6.96102075298934
"koeye","m4a","p_loo",9.43829771901732,5.55440511090563
"koeye","m4a","looic",45.3864056573985,13.9220415059787
"koeye","m4b","elpd_loo",-24.2076288235186,8.02557286111732
"koeye","m4b","p_loo",10.9476232798414,6.63532476131888
"koeye","m4b","looic",48.4152576470372,16.0511457222346
"kooryet","m1","elpd_loo",-169.00035505294,124.652015307207
"kooryet","m1","p_loo",152.975169801928,123.56271062487
"kooryet","m1","looic",338.000710105879,249.304030614415
"kooryet","m2a","elpd_loo",-131.879975767205,91.6921282422092
"kooryet","m2a","p_loo",116.347337810449,90.3810637119382
"kooryet","m2a","looic",263.759951534411,183.384256484418
"kooryet","m2b","elpd_loo",-125.256221722867,85.6401525746267
"kooryet","m2b","p_loo",109.843276141501,84.4061866426541
"kooryet","m2b","looic",250.512443445734,171.280305149253
"kooryet","m3","elpd_loo",-154.397638153081,111.254500755551
"kooryet","m3","p_loo",138.714936469044,110.237626688136
"kooryet","m3","looic",308.795276306162,222.509001511102
"kooryet","m4a","elpd_loo",-127.887493996937,91.1558366114728
"kooryet","m4a","p_loo",112.517771435563,90.018325242929
"kooryet","m4a","looic",255.774987993874,182.311673222946
"kooryet","m4b","elpd_loo",-133.747154331215,94.3189492452289
"kooryet","m4b","p_loo",118.441904783558,93.2149399560309
"kooryet","m4b","looic",267.494308662429,188.637898490458
"kwakwa","m1","elpd_loo",-28.9846320598343,5.25823991282788
"kwakwa","m1","p_loo",8.57107532702106,3.97755483609141
"kwakwa","m1","looic",57.9692641196686,10.5164798256558
"kwakwa","m2a","elpd_loo",-27.8830888598624,4.91264635204951
"kwakwa","m2a","p_loo",7.60874744037241,3.52904188681467
"kwakwa","m2a","looic",55.7661777197247,9.82529270409901
"kwakwa","m2b","elpd_loo",-27.6446072801203,4.86546026839313
"kwakwa","m2b","p_loo",7.44863939183242,3.4775719927026
"kwakwa","m2b","looic",55.2892145602407,9.73092053678625
"kwakwa","m3","elpd_loo",-27.4067394396135,4.25195783769022
"kwakwa","m3","p_loo",7.36371429393746,3.00571908877933
"kwakwa","m3","looic",54.8134788792269,8.50391567538045
"kwakwa","m4a","elpd_loo",-26.6271538410866,4.18070310157791
"kwakwa","m4a","p_loo",7.03437990937042,2.87058766362493
"kwakwa","m4a","looic",53.2543076821732,8.36140620315582
"kwakwa","m4b","elpd_loo",-26.380497435362,4.07708635240153
"kwakwa","m4b","p_loo",6.83884022432555,2.75981276332335
"kwakwa","m4b","looic",52.7609948707239,8.15417270480305
"lakelse","m1","elpd_loo",-117.147423851117,75.9554614455499
"lakelse","m1","p_loo",90.0024262911529,74.4205357655381
"lakelse","m1","looic",234.294847702235,151.9109228911
"lakelse","m2a","elpd_loo",-104.66484759557,66.1436881702161
"lakelse","m2a","p_loo",77.9043306724476,64.4592350761911
"lakelse","m2a","looic",209.32969519114,132.287376340432
"lakelse","m2b","elpd_loo",-97.724542420017,60.4104322412232
"lakelse","m2b","p_loo",70.9292754943223,58.7093182800437
"lakelse","m2b","looic",195.449084840034,120.820864482446
"lakelse","m3","elpd_loo",-113.421993446554,72.9439537984519
"lakelse","m3","p_loo",86.3480987553476,71.4253055512119
"lakelse","m3","looic",226.843986893108,145.887907596904
"lakelse","m4a","elpd_loo",-99.2406012186926,62.2380988245742
"lakelse","m4a","p_loo",72.4910391609497,60.5688899407734
"lakelse","m4a","looic",198.481202437385,124.476197649148
"lakelse","m4b","elpd_loo",-97.9940694201951,61.0429198931142
"lakelse","m4b","p_loo",71.2461514732568,59.3695178914874
"lakelse","m4b","looic",195.98813884039,122.085839786228
"long","m1","elpd_loo",-92.6175008950518,23.3608596744379
"long","m1","p_loo",48.0821718365942,20.1951492873667
"long","m1","looic",185.235001790104,46.7217193488758
"long","m2a","elpd_loo",-96.4047409347215,24.607630163259
"long","m2a","p_loo",52.4133455154918,21.198842678682
"long","m2a","looic",192.809481869443,49.2152603265179
"long","m2b","elpd_loo",-97.4243771499596,25.2086281914493
"long","m2b","p_loo",53.4754548709539,21.8599681404403
"long","m2b","looic",194.848754299919,50.4172563828986
"long","m3","elpd_loo",-92.6467052531509,23.6828971333634
"long","m3","p_loo",48.4487235909183,20.7611952366124
"long","m3","looic",185.293410506302,47.3657942667269
"long","m4a","elpd_loo",-99.0584622393552,26.5458471356336
"long","m4a","p_loo",55.2767110311391,23.319644903814
"long","m4a","looic",198.11692447871,53.0916942712672
"long","m4b","elpd_loo",-98.0346363433958,25.9826112138927
"long","m4b","p_loo",54.2919440165128,22.7465866429035
"long","m4b","looic",196.069272686792,51.9652224277853
"lowe","m1","elpd_loo",-78.7315409122773,35.9435127934349
"lowe","m1","p_loo",55.3065720308226,35.4322796367325
"lowe","m1","looic",157.463081824555,71.8870255868697
"lowe","m2a","elpd_loo",-91.4309203999698,45.1092702684348
"lowe","m2a","p_loo",70.4711232122043,44.6523494706608
"lowe","m2a","looic",182.86184079994,90.2185405368697
"lowe","m2b","elpd_loo",-86.1983815223193,41.2980666025288
"lowe","m2b","p_loo",65.2262293311134,40.8218212909978
"lowe","m2b","looic",172.396763044639,82.5961332050577
"lowe","m3","elpd_loo",-54.0563966418261,20.3577432367712
"lowe","m3","p_loo",31.4642882555255,20.175268331525
"lowe","m3","looic",108.112793283652,40.7154864735424
"lowe","m4a","elpd_loo",-60.9062686175834,26.0625261607731
"lowe","m4a","p_loo",40.3178957442956,25.8396417048837
"lowe","m4a","looic",121.812537235167,52.1250523215462
"lowe","m4b","elpd_loo",-64.9263088611039,28.5992028804107
"lowe","m4b","p_loo",44.3853723626441,28.3988403971287
"lowe","m4b","looic",129.852617722208,57.1984057608214
"marian-eden","m1","elpd_loo",-39.3760043323228,6.3261207622213
"marian-eden","m1","p_loo",13.2927252557034,5.49907011200606
"marian-eden","m1","looic",78.7520086646456,12.6522415244426
"marian-eden","m2a","elpd_loo",-43.220168329991,8.74407413659423
"marian-eden","m2a","p_loo",18.9771769388697,7.91464795457711
"marian-eden","m2a","looic",86.440336659982,17.4881482731885
"marian-eden","m2b","elpd_loo",-41.7780785664335,8.04809284241394
"marian-eden","m2b","p_loo",17.4653873750791,7.13875413415248
"marian-eden","m2b","looic",83.556157132867,16.0961856848279
"marian-eden","m3","elpd_loo",-34.9652532627186,4.72780055222293
"marian-eden","m3","p_loo",9.92285571875053,3.82491874588095
"marian-eden","m3","looic",69.9305065254372,9.45560110444586
"marian-eden","m4a","elpd_loo",-40.2718281683627,8.17030542137479
"marian-eden","m4a","p_loo",16.3476746227391,7.28407420950658
"marian-eden","m4a","looic",80.5436563367254,16.3406108427496
"marian-eden","m4b","elpd_loo",-39.9352003952179,7.8173718369784
"marian-eden","m4b","p_loo",15.9770676740897,6.90737528842636
"marian-eden","m4b","looic",79.8704007904358,15.6347436739568
"mary-cove","m1","elpd_loo",-35.441568457811,21.3629017677239
"mary-cove","m1","p_loo",24.9312276540541,20.2017717153616
"mary-cove","m1","looic",70.8831369156221,42.7258035354479
"mary-cove","m2a","elpd_loo",-26.4676831912959,15.5323608562257
"mary-cove","m2a","p_loo",16.8777287271805,14.4661468120448
"mary-cove","m2a","looic",52.9353663825918,31.0647217124514
"mary-cove","m2b","elpd_loo",-27.0923639647276,16.2325182436119
"mary-cove","m2b","p_loo",17.5311812126011,15.1774376281159
"mary-cove","m2b","looic",54.1847279294553,32.4650364872237
"mary-cove","m3","elpd_loo",-34.0487984722878,18.8076517018501
"mary-cove","m3","p_loo",22.1896515461479,17.6869039072952
"mary-cove","m3","looic",68.0975969445756,37.6153034037002
"mary-cove","m4a","elpd_loo",-26.192966566235,13.6956527645904
"mary-cove","m4a","p_loo",15.5260188446469,12.6815991780734
"mary-cove","m4a","looic",52.3859331324699,27.3913055291808
"mary-cove","m4b","elpd_loo",-25.2663790513424,12.6982359824374
"mary-cove","m4b","p_loo",14.6047606757026,11.6871578072815
"mary-cove","m4b","looic",50.5327581026848,25.3964719648748
"mathers","m1","elpd_loo",-25.5877301421514,14.0597511487827
"mathers","m1","p_loo",21.2580191316019,14.1490011998518
"mathers","m1","looic",51.1754602843028,28.1195022975653
"mathers","m2a","elpd_loo",-6.76969830660707,1.44556881678275
"mathers","m2a","p_loo",2.09381311765001,0.797338620784727
"mathers","m2a","looic",13.5393966132141,2.8911376335655
"mathers","m2b","elpd_loo",-6.44263438801777,1.44000905224672
"mathers","m2b","p_loo",1.73178259602961,0.735869635680653
"mathers","m2b","looic",12.8852687760355,2.88001810449344
"mathers","m3","elpd_loo",-17.9812756921764,8.73528187389867
"mathers","m3","p_loo",14.2262747006117,8.52805153904927
"mathers","m3","looic",35.9625513843528,17.4705637477973
"mathers","m4a","elpd_loo",-6.37199065793816,1.32753508157258
"mathers","m4a","p_loo",1.90232504102616,0.713351401156822
"mathers","m4a","looic",12.7439813158763,2.65507016314516
"mathers","m4b","elpd_loo",-6.19285274215115,1.45515704720823
"mathers","m4b","p_loo",1.76975038912929,0.770062739200762
"mathers","m4b","looic",12.3857054843023,2.91031409441646
"mcdonell","m1","elpd_loo",-25.6871410202448,4.48652502753324
"mcdonell","m1","p_loo",8.20048451775368,3.45126740384207
"mcdonell","m1","looic",51.3742820404895,8.97305005506647
"mcdonell","m2a","elpd_loo",-22.8701838323116,3.28633628135291
"mcdonell","m2a","p_loo",5.41788301631099,2.08929114150652
"mcdonell","m2a","looic",45.7403676646233,6.57267256270582
"mcdonell","m2b","elpd_loo",-22.8728989149183,3.33831142656336
"mcdonell","m2b","p_loo",5.63014015934633,2.18572200405879
"mcdonell","m2b","looic",45.7457978298367,6.67662285312671
"mcdonell","m3","elpd_loo",-24.2835325936992,3.74886722465281
"mcdonell","m3","p_loo",6.99002721134805,2.69529725825052
"mcdonell","m3","looic",48.5670651873984,7.49773444930562
"mcdonell","m4a","elpd_loo",-23.3943155996689,3.58183711430268
"mcdonell","m4a","p_loo",6.0611792986128,2.55703568601918
"mcdonell","m4a","looic",46.7886311993379,7.16367422860535
"mcdonell","m4b","elpd_loo",-22.7641408722301,3.18528834305736
"mcdonell","m4b","p_loo",5.55882553845117,2.07291635883558
"mcdonell","m4b","looic",45.5282817444601,6.37057668611472
"mcloughlin","m1","elpd_loo",-33.3479466822324,6.21124594402342
"mcloughlin","m1","p_loo",14.5231057960408,5.55453719727995
"mcloughlin","m1","looic",66.6958933644648,12.4224918880468
"mcloughlin","m2a","elpd_loo",-25.6824916595453,3.32219183333751
"mcloughlin","m2a","p_loo",7.08597509770149,1.94186045940811
"mcloughlin","m2a","looic",51.3649833190906,6.64438366667502
"mcloughlin","m2b","elpd_loo",-25.1203384679887,3.13337615570038
"mcloughlin","m2b","p_loo",6.1763085377084,1.64348860725913
"mcloughlin","m2b","looic",50.2406769359775,6.26675231140076
"mcloughlin","m3","elpd_loo",-32.649799472293,6.70698299728268
"mcloughlin","m3","p_loo",14.5349011434385,5.85787730444021
"mcloughlin","m3","looic",65.299598944586,13.4139659945654
"mcloughlin","m4a","elpd_loo",-26.8953154337064,4.02579449061314
"mcloughlin","m4a","p_loo",9.09058498776655,3.07159615094149
"mcloughlin","m4a","looic",53.7906308674129,8.05158898122629
"mcloughlin","m4b","elpd_loo",-26.7796891565609,3.95033717090555
"mcloughlin","m4b","p_loo",8.99336441535376,2.87158875442306
"mcloughlin","m4b","looic",53.5593783131219,7.9006743418111
"mercer","m1","elpd_loo",-16.0779575440044,3.03897459175341
"mercer","m1","p_loo",5.33558348304613,2.59587838111023
"mercer","m1","looic",32.1559150880088,6.07794918350681
"mercer","m2a","elpd_loo",-14.0484776337134,1.55760596407559
"mercer","m2a","p_loo",3.1744025123792,1.06173187146133
"mercer","m2a","looic",28.0969552674268,3.11521192815119
"mercer","m2b","elpd_loo",-13.9846759291208,1.63061371832696
"mercer","m2b","p_loo",3.18304433640212,1.14287253408148
"mercer","m2b","looic",27.9693518582416,3.26122743665392
"mercer","m3","elpd_loo",-15.3394746205655,2.5642880381649
"mercer","m3","p_loo",5.20694499027453,1.96556478076236
"mercer","m3","looic",30.6789492411309,5.12857607632981
"mercer","m4a","elpd_loo",-13.8370764577351,1.4989817229411
"mercer","m4a","p_loo",3.08085659304521,0.940488234010259
"mercer","m4a","looic",27.6741529154702,2.99796344588221
"mercer","m4b","elpd_loo",-13.8169604785574,1.51209666049571
"mercer","m4b","p_loo",3.09626658919116,0.954545601671848
"mercer","m4b","looic",27.6339209571148,3.02419332099142
"meziadin","m1","elpd_loo",-43.4611506154882,24.9040070477425
"meziadin","m1","p_loo",29.6721056296405,24.5592512717683
"meziadin","m1","looic",86.9223012309764,49.808014095485
"meziadin","m2a","elpd_loo",-19.6843485664093,3.23101932450886
"meziadin","m2a","p_loo",5.45484953468935,2.24187840051459
"meziadin","m2a","looic",39.3686971328186,6.46203864901772
"meziadin","m2b","elpd_loo",-19.1899408504334,3.01925460575709
"meziadin","m2b","p_loo",5.22327046956994,2.00260739684474
"meziadin","m2b","looic",38.3798817008668,6.03850921151417
"meziadin","m3","elpd_loo",-37.8607289116881,20.5432866508799
"meziadin","m3","p_loo",24.5539954963209,20.2673149516821
"meziadin","m3","looic",75.7214578233762,41.0865733017598
"meziadin","m4a","elpd_loo",-17.8135812132155,2.69793323808429
"meziadin","m4a","p_loo",4.36004386601652,1.73392496694042
"meziadin","m4a","looic",35.627162426431,5.39586647616858
"meziadin","m4b","elpd_loo",-17.6617265033362,2.58204890567072
"meziadin","m4b","p_loo",4.26408512037371,1.60477784888963
"meziadin","m4b","looic",35.3234530066724,5.16409781134145
"mikado","m1","elpd_loo",-15.4650534690697,6.11048352406413
"mikado","m1","p_loo",10.7728071351734,4.88008105450481
"mikado","m1","looic",30.9301069381395,12.2209670481283
"mikado","m2a","elpd_loo",-13.2365646569553,4.15205392031848
"mikado","m2a","p_loo",7.02476144788204,3.02312756606996
"mikado","m2a","looic",26.4731293139106,8.30410784063696
"mikado","m2b","elpd_loo",-13.4535070714992,4.21700428036439
"mikado","m2b","p_loo",7.16633742269589,3.0652179171152
"mikado","m2b","looic",26.9070141429984,8.43400856072878
"mikado","m3","elpd_loo",-15.2333836136786,5.86177473679161
"mikado","m3","p_loo",9.97091620052798,4.65022570434378
"mikado","m3","looic",30.4667672273572,11.7235494735832
"mikado","m4a","elpd_loo",-13.3821464337475,4.03982108767993
"mikado","m4a","p_loo",6.64453082092069,2.94045400430098
"mikado","m4a","looic",26.7642928674949,8.07964217535987
"mikado","m4b","elpd_loo",-13.4168465255926,4.10098809180618
"mikado","m4b","p_loo",6.73042493007971,3.00548465307133
"mikado","m4b","looic",26.8336930511853,8.20197618361237
"morice","m1","elpd_loo",-523.080738650727,269.823830741492
"morice","m1","p_loo",487.648067725522,268.159688580588
"morice","m1","looic",1046.16147730145,539.647661482983
"morice","m2a","elpd_loo",-406.785275375424,205.203323365957
"morice","m2a","p_loo",371.720583043784,203.516102106528
"morice","m2a","looic",813.570550750849,410.406646731914
"morice","m2b","elpd_loo",-425.961695976621,217.224486863307
"morice","m2b","p_loo",390.695854887297,215.386023385376
"morice","m2b","looic",851.923391953243,434.448973726614
"morice","m3","elpd_loo",-90.9105174420411,32.5810597158963
"morice","m3","p_loo",57.2742446725197,32.7898048446047
"morice","m3","looic",181.821034884082,65.1621194317926
"morice","m4a","elpd_loo",-116.679751620177,53.2488688694832
"morice","m4a","p_loo",84.0201411179855,53.5905147226022
"morice","m4a","looic",233.359503240354,106.497737738966
"morice","m4b","elpd_loo",-211.087083692078,107.063751407545
"morice","m4b","p_loo",178.567730061068,107.339318234899
"morice","m4b","looic",422.174167384157,214.127502815089
"morrison","m1","elpd_loo",-28.8201284184522,1.88962232736414
"morrison","m1","p_loo",5.27415368297813,1.10110332669299
"morrison","m1","looic",57.6402568369044,3.77924465472829
"morrison","m2a","elpd_loo",-28.6212470136335,1.95080954481483
"morrison","m2a","p_loo",4.8419927750517,1.21482561034178
"morrison","m2a","looic",57.242494027267,3.90161908962966
"morrison","m2b","elpd_loo",-27.5977527075071,1.67119079261509
"morrison","m2b","p_loo",4.19814501161986,0.819161808037138
"morrison","m2b","looic",55.1955054150142,3.34238158523019
"morrison","m3","elpd_loo",-28.7490902692219,1.90484099656005
"morrison","m3","p_loo",5.1067411557472,1.04535968035189
"morrison","m3","looic",57.4981805384437,3.8096819931201
"morrison","m4a","elpd_loo",-28.2489127963257,1.80435757513714
"morrison","m4a","p_loo",4.45339181056893,0.920316409475713
"morrison","m4a","looic",56.4978255926514,3.60871515027429
"morrison","m4b","elpd_loo",-28.0690213436575,1.79252819327618
"morrison","m4b","p_loo",4.43721969009879,0.893356450400905
"morrison","m4b","looic",56.138042687315,3.58505638655235
"motase","m1","elpd_loo",-10.7221712015606,2.0015541699939
"motase","m1","p_loo",3.15368879731136,1.13704226430015
"motase","m1","looic",21.4443424031212,4.0031083399878
"motase","m2a","elpd_loo",-8.97348886675429,1.89036452249668
"motase","m2a","p_loo",2.03725660682489,0.893451252679237
"motase","m2a","looic",17.9469777335086,3.78072904499337
"motase","m2b","elpd_loo",-8.64884204119106,1.75318885839362
"motase","m2b","p_loo",2.00888678302202,0.879922576825296
"motase","m2b","looic",17.2976840823821,3.50637771678725
"motase","m3","elpd_loo",-11.2218660203361,1.33872799756955
"motase","m3","p_loo",1.34152368477927,0.588512194927954
"motase","m3","looic",22.4437320406723,2.67745599513911
"motase","m4a","elpd_loo",-10.2278789686547,1.75387269724172
"motase","m4a","p_loo",1.39150186609827,0.743091757514213
"motase","m4a","looic",20.4557579373093,3.50774539448344
"motase","m4b","elpd_loo",-9.98570943820705,1.58197703948949
"motase","m4b","p_loo",1.24165019463535,0.619810577019322
"motase","m4b","looic",19.9714188764141,3.16395407897897
"namu","m1","elpd_loo",-27.4438147789811,9.17854297199433
"namu","m1","p_loo",11.1069628458103,8.84427469807843
"namu","m1","looic",54.8876295579622,18.3570859439887
"namu","m2a","elpd_loo",-21.2005322666432,4.61351947113074
"namu","m2a","p_loo",6.69874519481337,4.17856093712451
"namu","m2a","looic",42.4010645332864,9.22703894226148
"namu","m2b","elpd_loo",-22.4504887683075,5.88841833739838
"namu","m2b","p_loo",8.01842891332413,5.52488213493819
"namu","m2b","looic",44.900977536615,11.7768366747968
"namu","m3","elpd_loo",-24.1654333135075,6.63507459953835
"namu","m3","p_loo",8.40610556885372,6.36891316464927
"namu","m3","looic",48.330866627015,13.2701491990767
"namu","m4a","elpd_loo",-25.9272525046498,9.13069348287742
"namu","m4a","p_loo",11.51632666172,8.82004191619069
"namu","m4a","looic",51.8545050092996,18.2613869657548
"namu","m4b","elpd_loo",-21.1350312431038,4.77399539456335
"namu","m4b","p_loo",6.77070992520576,4.3915479959013
"namu","m4b","looic",42.2700624862076,9.5479907891267
"owikeno","m1","elpd_loo",-51.13468301944,7.4177536116878
"owikeno","m1","p_loo",12.6960203874583,5.64928531996035
"owikeno","m1","looic",102.26936603888,14.8355072233756
"owikeno","m2a","elpd_loo",-54.8674066488366,10.1598566972124
"owikeno","m2a","p_loo",19.2206653679314,8.40455515250981
"owikeno","m2a","looic",109.734813297673,20.3197133944248
"owikeno","m2b","elpd_loo",-55.3280630213987,10.4618301113004
"owikeno","m2b","p_loo",19.7733914190659,8.7334388952377
"owikeno","m2b","looic",110.656126042797,20.9236602226008
"owikeno","m3","elpd_loo",-51.5601859595609,7.71683613976719
"owikeno","m3","p_loo",13.1680848598675,6.03807088886579
"owikeno","m3","looic",103.120371919122,15.4336722795344
"owikeno","m4a","elpd_loo",-54.1196188132484,10.0736327236588
"owikeno","m4a","p_loo",18.2470677846492,8.30448646659437
"owikeno","m4a","looic",108.239237626497,20.1472654473176
"owikeno","m4b","elpd_loo",-54.377005042779,10.2015415670113
"owikeno","m4b","p_loo",18.5129828863575,8.44828361708998
"owikeno","m4b","looic",108.754010085558,20.4030831340226
"port-john","m1","elpd_loo",-83.8592091899713,49.1371899897235
"port-john","m1","p_loo",75.451906738381,46.2166929273528
"port-john","m1","looic",167.718418379943,98.274379979447
"port-john","m2a","elpd_loo",-32.5076252352167,19.231400016154
"port-john","m2a","p_loo",24.0242583211721,17.3110452171788
"port-john","m2a","looic",65.0152504704333,38.4628000323081
"port-john","m2b","elpd_loo",-27.8141870073995,16.263618126613
"port-john","m2b","p_loo",19.1586510187496,14.4645617052837
"port-john","m2b","looic",55.6283740147989,32.5272362532261
"port-john","m3","elpd_loo",-91.7880697571136,56.7017668913253
"port-john","m3","p_loo",83.3512202611401,53.7207386313216
"port-john","m3","looic",183.576139514227,113.403533782651
"port-john","m4a","elpd_loo",-29.4027761047147,17.3398286245262
"port-john","m4a","p_loo",20.9924813923133,15.2123786786042
"port-john","m4a","looic",58.8055522094293,34.6796572490524
"port-john","m4b","elpd_loo",-40.9966995442455,25.9980151669939
"port-john","m4b","p_loo",32.5515110746051,23.9983286937204
"port-john","m4b","looic",81.9933990884911,51.9960303339878
"price","m1","elpd_loo",-63.7252729366956,25.9043155054326
"price","m1","p_loo",43.6315806023836,24.7226511381224
"price","m1","looic",127.450545873391,51.8086310108653
"price","m2a","elpd_loo",-53.7855017234313,21.7697107558694
"price","m2a","p_loo",34.0901079249358,20.4060325995455
"price","m2a","looic",107.571003446863,43.5394215117388
"price","m2b","elpd_loo",-53.0793350685762,21.0991199939362
"price","m2b","p_loo",33.4475603106696,19.776774477781
"price","m2b","looic",106.158670137152,42.1982399878724
"price","m3","elpd_loo",-57.6179188541847,22.0932337929542
"price","m3","p_loo",37.4591385966229,20.5725548916259
"price","m3","looic",115.235837708369,44.1864675859085
"price","m4a","elpd_loo",-56.3826839265615,25.2330036487434
"price","m4a","p_loo",36.3889267397196,23.534984353265
"price","m4a","looic",112.765367853123,50.4660072974867
"price","m4b","elpd_loo",-55.4819282685991,24.4347146970112
"price","m4b","p_loo",35.5225916514437,22.7619027123691
"price","m4b","looic",110.963856537198,48.8694293940225
"prudhomme","m1","elpd_loo",-37.8309591174191,7.55474005428437
"prudhomme","m1","p_loo",11.0518614330507,6.55763189164544
"prudhomme","m1","looic",75.6619182348382,15.1094801085687
"prudhomme","m2a","elpd_loo",-36.3366026285626,6.74640296201962
"prudhomme","m2a","p_loo",10.2595880779241,5.57427554737617
"prudhomme","m2a","looic",72.6732052571252,13.4928059240392
"prudhomme","m2b","elpd_loo",-35.7021059004117,6.37735037416616
"prudhomme","m2b","p_loo",9.79295879650205,5.24074054926907
"prudhomme","m2b","looic",71.4042118008235,12.7547007483323
"prudhomme","m3","elpd_loo",-36.8165288172246,6.78580877168134
"prudhomme","m3","p_loo",10.0751403779866,5.67440728227011
"prudhomme","m3","looic",73.6330576344491,13.5716175433627
"prudhomme","m4a","elpd_loo",-36.0667929364201,6.3474127764923
"prudhomme","m4a","p_loo",9.79825094430352,5.10988477566298
"prudhomme","m4a","looic",72.1335858728401,12.6948255529846
"prudhomme","m4b","elpd_loo",-36.1352568535368,6.49236003865282
"prudhomme","m4b","p_loo",9.95986752874668,5.28290831288151
"prudhomme","m4b","looic",72.2705137070735,12.9847200773056
"shawaltan","m1","elpd_loo",-29.4796636429104,3.45633278176026
"shawaltan","m1","p_loo",3.83123670318854,1.20472319800199
"shawaltan","m1","looic",58.9593272858209,6.91266556352053
"shawaltan","m2a","elpd_loo",-27.8962806340364,2.87833916292518
"shawaltan","m2a","p_loo",3.60066973673053,0.806602849140071
"shawaltan","m2a","looic",55.7925612680728,5.75667832585036
"shawaltan","m2b","elpd_loo",-28.1212364905242,3.01474612538854
"shawaltan","m2b","p_loo",3.57558229824421,0.840013041071713
"shawaltan","m2b","looic",56.2424729810484,6.02949225077708
"shawaltan","m3","elpd_loo",-27.1927015472211,2.96294071369624
"shawaltan","m3","p_loo",3.3667958882825,1.00840203281864
"shawaltan","m3","looic",54.3854030944423,5.92588142739249
"shawaltan","m4a","elpd_loo",-26.1431183014103,2.68017482440436
"shawaltan","m4a","p_loo",2.98478371030973,0.729179216495259
"shawaltan","m4a","looic",52.2862366028205,5.36034964880871
"shawaltan","m4b","elpd_loo",-26.283231952103,2.83639619934234
"shawaltan","m4b","p_loo",3.01248335034462,0.779418792966426
"shawaltan","m4b","looic",52.566463904206,5.67279239868468
"sheneeza","m1","elpd_loo",-229.264611239648,134.008387928567
"sheneeza","m1","p_loo",217.463159181294,133.489007698243
"sheneeza","m1","looic",458.529222479297,268.016775857134
"sheneeza","m2a","elpd_loo",-130.045777210999,74.5851711773596
"sheneeza","m2a","p_loo",119.180119909158,74.0574756396199
"sheneeza","m2a","looic",260.091554421998,149.170342354719
"sheneeza","m2b","elpd_loo",-111.395872811535,63.4391334391386
"sheneeza","m2b","p_loo",100.497200963894,62.9615510298028
"sheneeza","m2b","looic",222.791745623071,126.878266878277
"sheneeza","m3","elpd_loo",-229.430398841191,133.85829549426
"sheneeza","m3","p_loo",218.417682292823,133.399530311428
"sheneeza","m3","looic",458.860797682382,267.716590988519
"sheneeza","m4a","elpd_loo",-150.558066713042,87.3606759429022
"sheneeza","m4a","p_loo",139.932252312158,86.8722318627661
"sheneeza","m4a","looic",301.116133426084,174.721351885804
"sheneeza","m4b","elpd_loo",-139.799079212162,81.5312542523875
"sheneeza","m4b","p_loo",129.183490308588,81.0859215459204
"sheneeza","m4b","looic",279.598158424323,163.062508504775
"skidegate","m1","elpd_loo",-34.4388444862677,2.17588595851884
"skidegate","m1","p_loo",4.17534713188989,0.897481008178183
"skidegate","m1","looic",68.8776889725354,4.35177191703769
"skidegate","m2a","elpd_loo",-33.3732113966015,2.49684563372751
"skidegate","m2a","p_loo",3.88569374137197,0.762014544350579
"skidegate","m2a","looic",66.7464227932031,4.99369126745502
"skidegate","m2b","elpd_loo",-33.2261970269589,2.46020558586795
"skidegate","m2b","p_loo",3.83230701902169,0.764486083439626
"skidegate","m2b","looic",66.4523940539178,4.9204111717359
"skidegate","m3","elpd_loo",-33.685503014084,2.19167231861607
"skidegate","m3","p_loo",3.77389437908498,0.788773567605915
"skidegate","m3","looic",67.3710060281681,4.38334463723213
"skidegate","m4a","elpd_loo",-33.2007759516205,2.46838997803302
"skidegate","m4a","p_loo",3.74313519079228,0.737810463918911
"skidegate","m4a","looic",66.4015519032411,4.93677995606604
"skidegate","m4b","elpd_loo",-33.1858381702866,2.44696552908857
"skidegate","m4b","p_loo",3.76344849807118,0.747333315515952
"skidegate","m4b","looic",66.3716763405732,4.89393105817713
"slamgeesh","m1","elpd_loo",-18.6496731632773,6.08603230314271
"slamgeesh","m1","p_loo",10.6354166038993,5.43097326006802
"slamgeesh","m1","looic",37.2993463265546,12.1720646062854
"slamgeesh","m2a","elpd_loo",-10.6269249629558,1.82303817538614
"slamgeesh","m2a","p_loo",3.68847376201504,1.13719211986364
"slamgeesh","m2a","looic",21.2538499259117,3.64607635077229
"slamgeesh","m2b","elpd_loo",-9.21834607944227,1.24364265583902
"slamgeesh","m2b","p_loo",2.45688928265541,0.616326876377773
"slamgeesh","m2b","looic",18.4366921588845,2.48728531167803
"slamgeesh","m3","elpd_loo",-18.9050714833403,6.52775225861606
"slamgeesh","m3","p_loo",11.0886073184519,5.77357221037098
"slamgeesh","m3","looic",37.8101429666807,13.0555045172321
"slamgeesh","m4a","elpd_loo",-11.6772239725842,2.76442003452874
"slamgeesh","m4a","p_loo",4.66330327633114,2.08810878112715
"slamgeesh","m4a","looic",23.3544479451684,5.52884006905748
"slamgeesh","m4b","elpd_loo",-10.5439762804834,2.00881729382818
"slamgeesh","m4b","p_loo",3.66272923336284,1.38855265722135
"slamgeesh","m4b","looic",21.0879525609669,4.01763458765636
"stephens","m1","elpd_loo",-30.4578011246445,7.87694486312419
"stephens","m1","p_loo",14.440887550733,6.30687979192975
"stephens","m1","looic",60.9156022492891,15.7538897262484
"stephens","m2a","elpd_loo",-26.4155346787688,5.58685877605974
"stephens","m2a","p_loo",9.65743648041341,4.15610192627606
"stephens","m2a","looic",52.8310693575376,11.1737175521195
"stephens","m2b","elpd_loo",-25.6941222900072,5.60602178676829
"stephens","m2b","p_loo",9.24009881092404,4.10649936127585
"stephens","m2b","looic",51.3882445800143,11.2120435735366
"stephens","m3","elpd_loo",-29.9808841616306,7.63465902666232
"stephens","m3","p_loo",13.935451283345,6.07762417507335
"stephens","m3","looic",59.9617683232612,15.2693180533246
"stephens","m4a","elpd_loo",-27.0273755308585,6.01870699548429
"stephens","m4a","p_loo",10.335570557433,4.58604798543263
"stephens","m4a","looic",54.054751061717,12.0374139909686
"stephens","m4b","elpd_loo",-26.6058731991223,5.9374611558531
"stephens","m4b","p_loo",10.0751710274292,4.4697327550316
"stephens","m4b","looic",53.2117463982445,11.8749223117062
"sustut","m1","elpd_loo",-976.744736465382,477.53105442721
"sustut","m1","p_loo",970.101493445562,475.971945658972
"sustut","m1","looic",1953.48947293076,955.06210885442
"sustut","m2a","elpd_loo",-71.8106469095084,39.607454227764
"sustut","m2a","p_loo",66.1958779434071,38.5587976192144
"sustut","m2a","looic",143.621293819017,79.2149084555281
"sustut","m2b","elpd_loo",-52.680387822,32.4341028506729
"sustut","m2b","p_loo",47.2956607925883,31.764420815662
"sustut","m2b","looic",105.360775644,64.8682057013458
"sustut","m3","elpd_loo",-1229.70040896794,595.379993299951
"sustut","m3","p_loo",1223.3954876086,593.907491850148
"sustut","m3","looic",2459.40081793588,1190.7599865999
"sustut","m4a","elpd_loo",-111.239192135372,54.3240880317075
"sustut","m4a","p_loo",105.625042233914,52.6821734593377
"sustut","m4a","looic",222.478384270743,108.648176063415
"sustut","m4b","elpd_loo",-114.121170698473,55.6527794367428
"sustut","m4b","p_loo",108.624392469577,54.1180009602037
"sustut","m4b","looic",228.242341396946,111.305558873486
"swan","m1","elpd_loo",-18.3425561216099,3.68193289035325
"swan","m1","p_loo",6.01995562220492,2.45892523735588
"swan","m1","looic",36.6851122432198,7.36386578070649
"swan","m2a","elpd_loo",-17.0944457037864,3.39689785361196
"swan","m2a","p_loo",4.618768100282,2.02724521217233
"swan","m2a","looic",34.1888914075728,6.79379570722391
"swan","m2b","elpd_loo",-20.0904530382251,4.37459953322065
"swan","m2b","p_loo",6.38914277642859,2.81307008923406
"swan","m2b","looic",40.1809060764502,8.74919906644131
"swan","m3","elpd_loo",-21.4479514886798,5.17201397643496
"swan","m3","p_loo",8.67799645040081,3.79937696763577
"swan","m3","looic",42.8959029773596,10.3440279528699
"swan","m4a","elpd_loo",-18.7182571828874,4.09734858299769
"swan","m4a","p_loo",5.98328527334675,2.64445481615524
"swan","m4a","looic",37.4365143657748,8.19469716599538
"swan","m4b","elpd_loo",-19.6965026539078,4.35309155382489
"swan","m4b","p_loo",6.41527707659613,2.788364688901
"swan","m4b","looic",39.3930053078157,8.70618310764978
"tankeeah","m1","elpd_loo",-38.4899523693845,17.0837892844236
"tankeeah","m1","p_loo",19.8492155901897,16.6956276323078
"tankeeah","m1","looic",76.9799047387689,34.1675785688473
"tankeeah","m2a","elpd_loo",-33.2390265724906,13.7766116976042
"tankeeah","m2a","p_loo",15.8993819492509,13.4362215847361
"tankeeah","m2a","looic",66.4780531449813,27.5532233952084
"tankeeah","m2b","elpd_loo",-33.3516452897414,13.7720742058789
"tankeeah","m2b","p_loo",15.9306967599622,13.4490176908446
"tankeeah","m2b","looic",66.7032905794828,27.5441484117577
"tankeeah","m3","elpd_loo",-38.5610337646169,18.6267059304012
"tankeeah","m3","p_loo",20.5770804732108,18.1653302937487
"tankeeah","m3","looic",77.1220675292339,37.2534118608024
"tankeeah","m4a","elpd_loo",-34.0827169855758,15.4849942425977
"tankeeah","m4a","p_loo",17.0065141397482,15.082983785979
"tankeeah","m4a","looic",68.1654339711516,30.9699884851954
"tankeeah","m4b","elpd_loo",-34.8757213938734,16.2711092811963
"tankeeah","m4b","p_loo",17.8391069188443,15.8835801567369
"tankeeah","m4b","looic",69.7514427877468,32.5422185623926
"tuno-east","m1","elpd_loo",-10.4557344053295,1.04610017684885
"tuno-east","m1","p_loo",1.77446107088471,0.460469594987016
"tuno-east","m1","looic",20.9114688106591,2.0922003536977
"tuno-east","m2a","elpd_loo",-9.15652763545422,1.02388206952091
"tuno-east","m2a","p_loo",1.06481494355479,0.291940063560645
"tuno-east","m2a","looic",18.3130552709084,2.04776413904183
"tuno-east","m2b","elpd_loo",-9.11825235679997,1.03032083560847
"tuno-east","m2b","p_loo",1.04695211391555,0.290597120310023
"tuno-east","m2b","looic",18.2365047135999,2.06064167121693
"tuno-east","m3","elpd_loo",-28.9207691952244,18.4443401845766
"tuno-east","m3","p_loo",19.4677922194455,18.330310635227
"tuno-east","m3","looic",57.8415383904488,36.8886803691532
"tuno-east","m4a","elpd_loo",-16.2566156160343,7.58762259075685
"tuno-east","m4a","p_loo",8.21136742577854,7.52460376255318
"tuno-east","m4a","looic",32.5132312320686,15.1752451815137
"tuno-east","m4b","elpd_loo",-14.9846374272126,6.27444500697075
"tuno-east","m4b","p_loo",6.88921517763399,6.21279490349817
"tuno-east","m4b","looic",29.9692748544253,12.5488900139415
"tuno-west","m1","elpd_loo",-33.2540582361387,11.4736678432235
"tuno-west","m1","p_loo",27.6116658930598,11.1012660671191
"tuno-west","m1","looic",66.5081164722775,22.947335686447
"tuno-west","m2a","elpd_loo",-12.2029953000611,5.86611371667445
"tuno-west","m2a","p_loo",7.06830080293742,4.95582020000842
"tuno-west","m2a","looic",24.4059906001222,11.7322274333489
"tuno-west","m2b","elpd_loo",-10.2820115690987,5.28632961225467
"tuno-west","m2b","p_loo",5.23562430729148,4.40431203168366
"tuno-west","m2b","looic",20.5640231381973,10.5726592245093
"tuno-west","m3","elpd_loo",-65.6082720607345,31.8951791587091
"tuno-west","m3","p_loo",58.3514918306037,30.7055670332778
"tuno-west","m3","looic",131.216544121469,63.7903583174182
"tuno-west","m4a","elpd_loo",-22.8411408419209,12.0485387093865
"tuno-west","m4a","p_loo",17.4250039422827,11.0918350323776
"tuno-west","m4a","looic",45.6822816838418,24.097077418773
"tuno-west","m4b","elpd_loo",-26.0354835416073,15.9353409510435
"tuno-west","m4b","p_loo",20.7356353639205,15.0529978127715
"tuno-west","m4b","looic",52.0709670832146,31.870681902087
"yakoun","m1","elpd_loo",-43.8454405785074,14.2183728762732
"yakoun","m1","p_loo",23.7221230092623,12.9015846130818
"yakoun","m1","looic",87.6908811570148,28.4367457525463
"yakoun","m2a","elpd_loo",-36.5218979739325,10.3980883306915
"yakoun","m2a","p_loo",16.5467926696152,9.10464424742426
"yakoun","m2a","looic",73.0437959478649,20.7961766613829
"yakoun","m2b","elpd_loo",-37.540499998589,11.1557644759
"yakoun","m2b","p_loo",17.5562723329392,9.8919935834987
"yakoun","m2b","looic",75.0809999971779,22.3115289517999
"yakoun","m3","elpd_loo",-42.7233518105444,13.627576212574
"yakoun","m3","p_loo",22.7218783695104,12.2859111752488
"yakoun","m3","looic",85.4467036210888,27.255152425148
"yakoun","m4a","elpd_loo",-37.0080949904026,10.6902559693611
"yakoun","m4a","p_loo",17.0092791912023,9.39064193205919
"yakoun","m4a","looic",74.0161899808052,21.3805119387221
"yakoun","m4b","elpd_loo",-38.8724944628058,12.1697194067489
"yakoun","m4b","p_loo",18.8836292222175,10.9277457394294
"yakoun","m4b","looic",77.7449889256117,24.3394388134978
"yeo","m1","elpd_loo",-58.9605628186092,34.4957437598602
"yeo","m1","p_loo",48.7685843158638,30.2079997819228
"yeo","m1","looic",117.921125637218,68.9914875197205
"yeo","m2a","elpd_loo",-39.590480312982,21.5290276074809
"yeo","m2a","p_loo",30.2441773394305,18.6066154556176
"yeo","m2a","looic",79.180960625964,43.0580552149618
"yeo","m2b","elpd_loo",-35.4946529691998,18.5527248119201
"yeo","m2b","p_loo",26.2022437349832,15.8989119730603
"yeo","m2b","looic",70.9893059383996,37.1054496238401
"yeo","m3","elpd_loo",-59.4460579276289,34.9975547348731
"yeo","m3","p_loo",49.2843764082687,30.5667702230193
"yeo","m3","looic",118.892115855258,69.9951094697462
"yeo","m4a","elpd_loo",-41.5125392858452,23.0527631538661
"yeo","m4a","p_loo",32.1106906126073,20.0808532380964
"yeo","m4a","looic",83.0250785716905,46.1055263077322
"yeo","m4b","elpd_loo",-41.4266299028422,22.5113461619492
"yeo","m4b","p_loo",32.0868383659343,19.9568449261167
"yeo","m4b","looic",82.8532598056845,45.0226923238984
